"Cytoband","Variant_Classification","Wide_Peak_Limits","qvalues","nSamples","TotSamples","nGenes","Genes","disease","tissue"
"1q21.1","Amp","chr1:121106805-144832743",1.1059e-05,12,17,19,"EMBP1, FAM72D, FLJ39739, LOC100130000, LOC100286793, LOC375010, LOC653513, LOC728855, LOC728875, NBPF9, PFN1P2, PPIAL4A, PPIAL4B, PPIAL4C, PPIAL4G, SRGAP2P2, hsa-mir-3118-1, hsa-mir-3118-2, hsa-mir-3118-3","Ewing's Sarcoma","Primary"
"7p22.2","Del","chr7:1-99945880",0.00066626,5,17,669,"AAA1, ABCA13, ABCB1, ABCB4, ABCB5, ABHD11, ABHD11-AS1, ACN9, ACTB, ADAM22, ADAP1, ADCY1, ADCYAP1R1, AEBP1, AGMO, AGR2, AGR3, AHR, AIMP2, AKAP9, AMPH, AMZ1, ANKIB1, ANKMY2, ANLN, AOAH, AP4M1, AQP1, ARL4A, ARPC1A, ARPC1B, ASB4, ASL, ASNS, ATP5J2, ATP5J2-PTCD1, AUTS2, AVL9, AZGP1, AZGP1P1, BAIAP2L1, BAZ1B, BBS9, BCL7B, BET1, BHLHA15, BLVRA, BMPER, BRAT1, BRI3, BUD31, BZW2, C1GALT1, C7orf10, C7orf11, C7orf23, C7orf25, C7orf26, C7orf30, C7orf31, C7orf41, C7orf42, C7orf43, C7orf44, C7orf46, C7orf50, C7orf57, C7orf59, C7orf62, C7orf63, C7orf65, C7orf69, C7orf70, C7orf71, C7orf72, CACNA2D1, CALCR, CALN1, CAMK2B, CARD11, CASD1, CBX3, CCDC126, CCDC129, CCDC132, CCDC146, CCL24, CCL26, CCM2, CCT6A, CCT6P1, CCT6P3, CCZ1, CCZ1B, CD36, CDC14C, CDCA7L, CDK13, CDK14, CDK6, CHCHD2, CHN2, CHST12, CLDN12, CLDN3, CLDN4, CLIP2, CLK2P, CNPY4, COBL, COL1A2, COL28A1, COPS6, COX19, CPSF4, CPVL, CRCP, CREB5, CRHR2, CROT, CYCS, CYP2W1, CYP3A4, CYP3A43, CYP3A5, CYP3A7, CYP3A7-CYP3AP1, CYP51A1, CYTH3, DAGLB, DBF4, DBNL, DDC, DDX56, DFNA5, DGKB, DKFZP586I1420, DKFZp434L192, DLX5, DLX6, DLX6-AS1, DMTF1, DNAH11, DNAJC30, DPY19L1, DPY19L1P1, DPY19L2P1, DPY19L2P3, DPY19L2P4, DTX2, DTX2P1-UPK3BP1-PMS2P11, DYNC1I1, EEPD1, EGFR, EIF2AK1, EIF3B, EIF4H, ELFN1, ELMO1, ELN, EPDR1, ERV3-1, ETV1, EVX1, FAM126A, FAM133B, FAM183B, FAM188B, FAM200A, FAM20C, FBXL18, FDPSL2A, FERD3L, FGL2, FIGNL1, FKBP14, FKBP6, FKBP9, FKBP9L, FLJ35390, FLJ42280, FLJ44511, FLJ45974, FOXK1, FSCN1, FTSJ2, FZD1, FZD9, GAL3ST4, GARS, GATAD1, GATS, GATSL1, GATSL2, GBAS, GCK, GET4, GGCT, GHRHR, GJC3, GLCCI1, GLI3, GNA12, GNAI1, GNAT3, GNG11, GNGT1, GPC2, GPER, GPNMB, GPR141, GPR146, GRB10, GRID2IP, GRM3, GTF2I, GTF2IP1, GTF2IRD1, GTF2IRD2, GTF2IRD2B, GTF2IRD2P1, GTPBP10, GUSB, GUSBP10, H2AFV, HDAC9, HEATR2, HECW1, HEPACAM2, HERPUD2, HGF, HIBADH, HIP1, HNRNPA2B1, HOTAIRM1, HOTTIP, HOXA1, HOXA10, HOXA10-HOXA9, HOXA11, HOXA11-AS1, HOXA13, HOXA2, HOXA3, HOXA4, HOXA5, HOXA6, HOXA7, HOXA9, HPVC1, HSPB1, HUS1, ICA1, IGF2BP3, IGFBP1, IGFBP3, IKZF1, IL6, INHBA, INMT, INMT-FAM188B, INTS1, INTS4L1, INTS4L2, IQCE, ISPD, ITGB8, JAZF1, JAZF1-AS1, KBTBD2, KCTD7, KDELR2, KIAA0087, KIAA0415, KIAA0895, KIAA1324L, KIAA1908, KLHL7, KLHL7-AS1, KPNA7, KRIT1, LANCL2, LAT2, LFNG, LIMK1, LINC00174, LINC00265, LINC00525, LMTK2, LOC100093631, LOC100129427, LOC100130673, LOC100130849, LOC100131257, LOC100132832, LOC100133091, LOC100133311, LOC100287704, LOC100287834, LOC100288524, LOC100289187, LOC100505854, LOC100506025, LOC100506050, LOC100506136, LOC100506178, LOC100506497, LOC100506776, LOC100506895, LOC285878, LOC285954, LOC389458, LOC389493, LOC401320, LOC401321, LOC401324, LOC441204, LOC441242, LOC442497, LOC493754, LOC541473, LOC641746, LOC643955, LOC646762, LOC646999, LOC649395, LOC650226, LOC728066, LOC729156, LOC729852, LRRC72, LRRD1, LSM5, MACC1, MAD1L1, MAFK, MAGI2, MAGI2-AS3, MBLAC1, MCM7, MDH2, MEOX2, MGC16142, MGC72080, MICALL2, MIOS, MIR106B, MIR1200, MIR148A, MIR196B, MIR25, MIR3146, MIR3147, MIR339, MIR3609, MIR3914-1, MIR3914-2, MIR3943, MIR4283-1, MIR4283-2, MIR4284, MIR4648, MIR4649, MIR4650-1, MIR4650-2, MIR4651, MIR4652, MIR4655, MIR4656, MIR4657, MIR4658, MIR489, MIR548M, MIR550A1, MIR550A2, MIR550A3, MIR550B1, MIR550B2, MIR589, MIR590, MIR591, MIR653, MIR93, MLXIPL, MMD2, MPP6, MRPL32, MRPS17, MRPS24, MTERF, MYH16, MYL7, MYO1G, NACAD, NCF1, NCF1B, NCF1C, NDUFA4, NEUROD6, NFE2L3, NOD1, NPC1L1, NPSR1, NPTX2, NPVF, NPY, NSUN5, NSUN5P1, NSUN5P2, NT5C3, NUDCD3, NUDT1, NUPL2, NXPH1, OCM, OCM2, OGDH, OR2AE1, OSBPL3, PAPOLB, PCLO, PDAP1, PDE1C, PDGFA, PDK4, PEG10, PER4, PEX1, PGAM2, PHF14, PHKG1, PHTF2, PION, PKD1L1, PLEKHA8, PMS2, PMS2CL, PMS2L2, PMS2P1, PMS2P3, PMS2P4, PMS2P5, POLD2, POLM, POLR2J4, POM121, POM121C, POM121L12, POMZP3, PON1, PON2, PON3, POR, POU6F2, PPIA, PPP1R17, PPP1R9A, PRKAR1B, PRPS1L1, PRR15, PSMA2, PSMG3, PSPH, PTCD1, PTPN12, PURB, PVRIG, RABGEF1, RAC1, RADIL, RALA, RAMP3, RAPGEF5, RASA4P, RBAK, RBAK-LOC389458, RBM48, RFC2, RHBDD2, RNF216, RNF216P1, RP9, RP9P, RPA3, RPL13AP17, RPL23P8, RPS2P32, RSBN1L, RSPH10B, RSPH10B2, RUNDC3B, SAMD9, SAMD9L, SBDS, SBDSP1, SCIN, SCRN1, SDK1, SEC61G, SEMA3A, SEMA3C, SEMA3D, SEMA3E, SEPT14, SEPT7, SEPT7P2, SFRP4, SGCE, SHFM1, SKAP2, SLC25A13, SLC25A40, SLC29A4, SMURF1, SNHG15, SNORA14A, SNORA15, SNORA22, SNORA5A, SNORA5B, SNORA5C, SNORA9, SNORD93, SNX10, SNX13, SNX8, SOSTDC1, SP4, SP8, SPDYE1, SPDYE3, SPDYE5, SPDYE7P, SPDYE8P, SRCRB4D, SRI, SRRM3, STAG3, STAG3L1, STAG3L2, STAG3L3, STAG3L4, STARD3NL, STEAP1, STEAP1B, STEAP2, STEAP4, STK17A, STK31, STX1A, STYXL1, SUMF2, SUN1, SUN3, TAC1, TAF6, TARP, TAX1BP1, TBL2, TBRG4, TBX20, TECPR1, TFAMP1, TFPI2, THSD7A, TMED4, TMEM106B, TMEM120A, TMEM130, TMEM184A, TMEM196, TMEM60, TNRC18, TNS3, TOMM7, TP53TG1, TPST1, TRA2A, TRIL, TRIM4, TRIM50, TRIM73, TRIM74, TRRAP, TSPAN13, TTYH3, TWIST1, TWISTNB, TXNDC3, TYW1, TYW1B, UBE2D4, UNCX, UPK3B, UPP1, URGCP, URGCP-MRPS24, USP42, VKORC1L1, VOPP1, VPS37D, VPS41, VSTM2A, VWC2, VWDE, WBSCR16, WBSCR17, WBSCR22, WBSCR27, WBSCR28, WIPF3, WIPI2, YAE1D1, YKT6, YWHAG, ZDHHC4, ZFAND2A, ZKSCAN1, ZKSCAN5, ZMIZ2, ZNF107, ZNF117, ZNF12, ZNF138, ZNF273, ZNF3, ZNF394, ZNF479, ZNF498, ZNF655, ZNF679, ZNF680, ZNF713, ZNF716, ZNF727, ZNF735, ZNF736, ZNF789, ZNF804B, ZNF815, ZNF853, ZNF890P, ZNF92, ZNRF2, ZNRF2P1, ZNRF2P2, ZP3, ZPBP, ZSCAN21, hsa-mir-106b, hsa-mir-1183, hsa-mir-1200, hsa-mir-1285-1, hsa-mir-1302-6, hsa-mir-148a, hsa-mir-196b, hsa-mir-3146, hsa-mir-3147, hsa-mir-339, hsa-mir-4283-1, hsa-mir-4283-2, hsa-mir-4284, hsa-mir-489, hsa-mir-548n, hsa-mir-550-1, hsa-mir-550-2, hsa-mir-589, hsa-mir-590, hsa-mir-591","Ewing's Sarcoma","Primary"
"7q11.21","Amp","chr7:66815745-70246408",0.0076276,5,17,1,"AUTS2","Ewing's Sarcoma","Primary"
"12q12","Del","chr12:39295232-41982043",0.0098415,4,17,7,"ABCD2, C12orf40, CNTN1, KIF21A, LRRK2, PDZRN4, SLC2A13","Ewing's Sarcoma","Primary"
"14q11.2","Amp","chr14:1-20157273",0.010107,8,17,4,"LOC642426, OR11H12, POTEG, POTEM","Ewing's Sarcoma","Primary"
"11q11","Del","chr11:49998330-57097437",0.011487,5,17,60,"APLNR, LOC440041, LOC441601, LOC646813, LRRC55, OR10AG1, OR4A15, OR4A16, OR4A5, OR4C11, OR4C12, OR4C15, OR4C16, OR4C46, OR4C6, OR4P4, OR4S2, OR5AK2, OR5AK4P, OR5AP2, OR5AR1, OR5AS1, OR5D13, OR5D14, OR5D16, OR5D18, OR5F1, OR5I1, OR5J2, OR5L1, OR5L2, OR5M1, OR5M10, OR5M11, OR5M3, OR5M8, OR5M9, OR5R1, OR5T1, OR5T2, OR5T3, OR5W2, OR7E5P, OR8H1, OR8H2, OR8H3, OR8I2, OR8J1, OR8J3, OR8K1, OR8K3, OR8K5, OR8U1, OR8U8, OR9G1, OR9G4, OR9G9, SPRYD5, TNKS1BP1, TRIM48","Ewing's Sarcoma","Primary"
"1p36.33","Del","chr1:1-48663059",0.011487,3,17,773,"AADACL3, AADACL4, ACAP3, ACOT7, ACTL8, ACTRT2, ADC, ADPRHL2, AGMAT, AGRN, AGTRAP, AHDC1, AIM1L, AJAP1, AK2, AKIRIN1, AKR1A1, AKR7A2, AKR7A3, AKR7L, ALDH4A1, ALPL, ANGPTL7, ANKRD65, APITD1, APITD1-CORT, ARHGEF10L, ARHGEF16, ARHGEF19, ARID1A, ARTN, ASAP3, ATAD3A, ATAD3B, ATAD3C, ATP13A2, ATP6V0B, ATPAF1, ATPAF1-AS1, ATPIF1, AURKAIP1, B3GALT6, B4GALT2, BAI2, BEST4, BMP8A, BMP8B, BSDC1, BTBD19, C1QA, C1QB, C1QC, C1orf109, C1orf122, C1orf126, C1orf127, C1orf130, C1orf135, C1orf144, C1orf151-NBL1, C1orf158, C1orf159, C1orf170, C1orf172, C1orf174, C1orf187, C1orf200, C1orf201, C1orf210, C1orf212, C1orf213, C1orf216, C1orf228, C1orf233, C1orf38, C1orf50, C1orf63, C1orf64, C1orf86, C1orf94, CA6, CALML6, CAMK2N1, CAMTA1, CAP1, CAPZB, CASP9, CASZ1, CATSPER4, CCDC163P, CCDC17, CCDC23, CCDC24, CCDC27, CCDC28B, CCDC30, CCNL2, CD164L2, CD52, CDA, CDC20, CDC42, CDCA8, CDK11A, CDK11B, CELA2A, CELA2B, CELA3A, CELA3B, CEP104, CEP85, CHD5, CITED4, CLCN6, CLCNKA, CLCNKB, CLDN19, CLIC4, CLSPN, CLSTN1, CMPK1, CNKSR1, CNR2, COL16A1, COL8A2, COL9A2, CORT, CPSF3L, CROCC, CROCCP2, CROCCP3, CSF3R, CSMD2, CTNNBIP1, CTPS, CTRC, CYP4A11, CYP4A22, CYP4B1, CYP4X1, CYP4Z1, CYP4Z2P, DCDC2B, DDI2, DDOST, DDX11L1, DEM1, DFFA, DFFB, DHDDS, DHRS3, DLGAP3, DMAP1, DMBX1, DNAJC11, DNAJC16, DNAJC8, DNALI1, DPH2, DVL1, E2F2, EBNA1BP2, ECE1, EDN2, EFHD2, EIF2B3, EIF2C1, EIF2C3, EIF2C4, EIF3I, EIF4G3, ELOVL1, ENO1, ENO1-AS1, EPB41, EPHA10, EPHA2, EPHA8, EPHB2, ERI3, ERMAP, ERRFI1, ESPN, ESPNP, EXOSC10, EXTL1, EYA3, FAAH, FABP3, FAM110D, FAM131C, FAM132A, FAM138A, FAM138F, FAM167B, FAM176B, FAM183A, FAM213B, FAM41C, FAM43B, FAM46B, FAM54B, FAM76A, FBLIM1, FBXO2, FBXO42, FBXO44, FBXO6, FCN3, FGR, FHAD1, FHL3, FLJ32224, FLJ37453, FLJ42875, FNDC5, FOXD2, FOXE3, FOXJ3, FUCA1, GABRD, GALE, GJA4, GJA9, GJA9-MYCBP, GJB3, GJB4, GJB5, GLTPD1, GMEB1, GNB1, GNL2, GPATCH3, GPBP1L1, GPN2, GPR153, GPR157, GPR3, GRHL3, GRIK3, GUCA2A, GUCA2B, H6PD, HCRTR1, HDAC1, HECTD3, HES2, HES3, HES4, HES5, HEYL, HIVEP3, HMGB4, HMGCL, HMGN2, HNRNPCL1, HNRNPR, HP1BP3, HPCA, HPCAL4, HPDL, HSPB7, HSPG2, HTR1D, HTR6, HYI, ICMT, ID3, IFFO2, IFI6, IGSF21, IL22RA1, IL28RA, INPP5B, IPO13, IPP, IQCC, ISG15, KAZN, KCNAB2, KCNQ4, KDM1A, KDM4A, KHDRBS1, KIAA0090, KIAA0319L, KIAA0494, KIAA0754, KIAA1522, KIAA1751, KIAA2013, KIF17, KIF1B, KIF2C, KLF17, KLHDC7A, KLHL17, KLHL21, KNCN, KPNA6, LAPTM5, LCK, LDLRAD2, LDLRAP1, LEPRE1, LIN28A, LINC00115, LINC00339, LOC100128071, LOC100129196, LOC100129534, LOC100129924, LOC100130197, LOC100130417, LOC100130557, LOC100132062, LOC100132287, LOC100132774, LOC100133331, LOC100133445, LOC100133612, LOC100288069, LOC100506730, LOC100506801, LOC100506963, LOC100507178, LOC100507423, LOC115110, LOC148413, LOC149086, LOC254099, LOC284551, LOC284632, LOC284661, LOC339442, LOC339505, LOC388588, LOC388630, LOC400752, LOC402779, LOC440563, LOC643837, LOC644961, LOC646471, LOC649330, LOC653160, LOC653566, LOC728431, LOC728716, LOC729041, LOC729059, LOC729737, LRRC38, LRRC41, LRRC47, LSM10, LURAP1, LUZP1, LYPLA2, LZIC, MACF1, MAD2L2, MAN1C1, MANEAL, MAP3K6, MAP7D1, MARCKSL1, MASP2, MAST2, MATN1, MDS2, MEAF6, MECR, MED18, MED8, MEGF6, MFAP2, MFN2, MFSD2A, MGC12982, MIB2, MIIP, MINOS1, MIR1976, MIR200A, MIR200B, MIR30C1, MIR30E, MIR3115, MIR34A, MIR3605, MIR3659, MIR3675, MIR378F, MIR3917, MIR4251, MIR4252, MIR4253, MIR4254, MIR4255, MIR429, MIR4417, MIR4420, MIR4632, MIR4684, MIR4689, MIR4695, MIR551A, MKNK1, MMACHC, MMEL1, MMP23A, MMP23B, MOB3C, MORN1, MPL, MRPL20, MRPS15, MRTO4, MST1P2, MST1P9, MTF1, MTHFR, MTMR9LP, MTOR, MUL1, MUTYH, MXRA8, MYCBP, MYCL1, MYOM3, NADK, NASP, NBL1, NBPF1, NBPF3, NCDN, NDUFS5, NECAP2, NFYC, NIPAL3, NKAIN1, NMNAT1, NOC2L, NOL9, NPHP4, NPPA, NPPA-AS1, NPPB, NR0B2, NSUN4, NT5C1A, NUDC, OPRD1, OR4F16, OR4F29, OR4F3, OR4F5, OSCP1, OTUD3, OXCT2, PABPC4, PADI1, PADI2, PADI3, PADI4, PADI6, PAFAH2, PANK4, PAQR7, PARK7, PAX7, PDIK1L, PDPN, PDZK1IP1, PEF1, PER3, PEX10, PEX14, PGD, PHACTR4, PHC2, PHF13, PIGV, PIK3CD, PIK3R3, PINK1, PITHD1, PLA2G2A, PLA2G2C, PLA2G2D, PLA2G2E, PLA2G2F, PLA2G5, PLCH2, PLEKHG5, PLEKHM2, PLEKHN1, PLK3, PLOD1, PNRC2, POMGNT1, POU3F1, PPCS, PPIE, PPIEL, PPIH, PPP1R8, PPT1, PQLC2, PRAMEF1, PRAMEF10, PRAMEF11, PRAMEF12, PRAMEF13, PRAMEF14, PRAMEF15, PRAMEF16, PRAMEF17, PRAMEF18, PRAMEF19, PRAMEF2, PRAMEF20, PRAMEF21, PRAMEF22, PRAMEF3, PRAMEF4, PRAMEF5, PRAMEF6, PRAMEF7, PRAMEF8, PRAMEF9, PRDM16, PRDM2, PRDX1, PRKCZ, PRO0611, PSMB2, PTAFR, PTCH2, PTCHD2, PTP4A2, PTPRF, PTPRU, PUM1, PUSL1, RAB42, RAD54L, RAP1GAP, RBBP4, RBP7, RCAN3, RCAN3AS, RCC1, RCC2, RER1, RERE, RHBDL2, RHCE, RHD, RIMKLA, RIMS3, RLF, RNF186, RNF19B, RNF207, RNF220, RNF223, RNU11, RPA2, RPL11, RPL22, RPS15AP10, RPS6KA1, RPS8, RRAGC, RSC1A1, RSG1, RSPO1, RUNX3, S100PBP, SAMD11, SCARNA1, SCMH1, SCNN1D, SDC3, SDF4, SDHB, SEPN1, SERINC2, SESN2, SF3A3, SFN, SFPQ, SH2D5, SH3BGRL3, SH3D21, SKI, SKINTL, SLC25A33, SLC25A34, SLC2A1, SLC2A5, SLC2A7, SLC30A2, SLC35E2, SLC35E2B, SLC45A1, SLC6A9, SLC9A1, SLFNL1, SMAP2, SMPDL3B, SNHG12, SNHG3, SNIP1, SNORA16A, SNORA44, SNORA55, SNORA59A, SNORA59B, SNORA61, SNORD103A, SNORD103B, SNORD38A, SNORD38B, SNORD46, SNORD55, SNORD85, SNORD99, SNRNP40, SPATA21, SPEN, SPOCD1, SPSB1, SRM, SRRM1, SRSF10, SRSF4, SSU72, ST3GAL3, STIL, STK40, STMN1, STX12, SYF2, SYNC, SYTL1, SZT2, TAF12, TAL1, TARDBP, TAS1R1, TAS1R2, TAS1R3, TCEA3, TCEB3, TCTEX1D4, TEKT2, TESK2, TFAP2E, THAP3, THRAP3, TIE1, TINAGL1, TMCO2, TMCO4, TMEM125, TMEM200B, TMEM201, TMEM222, TMEM234, TMEM240, TMEM39B, TMEM50A, TMEM51, TMEM52, TMEM53, TMEM54, TMEM57, TMEM69, TMEM82, TMEM88B, TNFRSF14, TNFRSF18, TNFRSF1B, TNFRSF25, TNFRSF4, TNFRSF8, TNFRSF9, TOE1, TP73, TP73-AS1, TPRG1L, TRAPPC3, TRIM62, TRIM63, TRIT1, TRNAU1AP, TRNP1, TSPAN1, TSSK3, TTC34, TTLL10, TXLNA, UBE2J2, UBE4B, UBIAD1, UBR4, UBXN10, UBXN11, UQCRH, UQCRHL, UROD, USP48, UTP11L, UTS2, VAMP3, VPS13D, VWA1, VWA5B1, WASF2, WASH7P, WDR65, WDTC1, WNT4, WRAP73, XKR8, YARS, YBX1, YRDC, YTHDF2, ZBTB17, ZBTB40, ZBTB48, ZBTB8A, ZBTB8B, ZBTB8OS, ZC3H12A, ZCCHC17, ZDHHC18, ZMPSTE24, ZMYM1, ZMYM4, ZMYM6, ZMYM6NB, ZMYND12, ZNF362, ZNF436, ZNF593, ZNF642, ZNF643, ZNF683, ZNF684, ZNF691, ZSCAN20, ZSWIM5, hsa-mir-1256, hsa-mir-1273d, hsa-mir-1290, hsa-mir-1302-2, hsa-mir-1976, hsa-mir-30c-1, hsa-mir-3115, hsa-mir-34a, hsa-mir-4251, hsa-mir-4252, hsa-mir-4253, hsa-mir-4254, hsa-mir-4255, hsa-mir-429, hsa-mir-551a, hsa-mir-552","Ewing's Sarcoma","Primary"
"20q13.33","Del","chr20:1169507-63025520",0.011487,4,17,649,"ABHD12, ABHD16B, ACOT8, ACSS1, ACSS2, ACTL10, ACTR5, ADA, ADAM33, ADIG, ADNP, ADRA1D, ADRM1, AHCY, ANKRD5, APCDD1L, ARFGAP1, ARFGEF2, ARFRP1, ARHGAP40, ASIP, ASXL1, ATP5E, ATP9A, ATRN, AURKA, AVP, B4GALT5, BANF2, BCAS1, BCAS4, BCL2L1, BFSP1, BHLHE23, BIRC7, BLCAP, BMP2, BMP7, BPI, BPIFA1, BPIFA2, BPIFA3, BPIFA4P, BPIFB1, BPIFB2, BPIFB3, BPIFB4, BPIFB6, BTBD3, C20orf11, C20orf111, C20orf112, C20orf118, C20orf123, C20orf132, C20orf141, C20orf144, C20orf151, C20orf152, C20orf160, C20orf166, C20orf166-AS1, C20orf173, C20orf194, C20orf195, C20orf196, C20orf197, C20orf20, C20orf201, C20orf202, C20orf203, C20orf24, C20orf26, C20orf27, C20orf29, C20orf3, C20orf30, C20orf4, C20orf43, C20orf7, C20orf72, C20orf79, C20orf85, C20orf94, CABLES2, CASS4, CBFA2T2, CBLN4, CD40, CD93, CDC25B, CDH22, CDH26, CDH4, CDK5RAP1, CDS2, CEBPB, CENPB, CEP250, CHD6, CHGB, CHMP4B, CHRNA4, COL20A1, COL9A3, COMMD7, COX4I2, CPNE1, CPXM1, CRLS1, CRNKL1, CSE1L, CSRP2BP, CST1, CST11, CST2, CST3, CST4, CST5, CST7, CST8, CST9, CST9L, CSTF1, CSTL1, CSTT, CTCFL, CTNNBL1, CTSA, CTSZ, CYP24A1, DBNDD2, DDRGK1, DDX27, DEFB115, DEFB116, DEFB118, DEFB119, DEFB121, DEFB122, DEFB123, DEFB124, DHX35, DIDO1, DLGAP4, DNAJC5, DNMT3B, DNTTIP1, DOK5, DPH3P1, DPM1, DSN1, DSTN, DTD1, DUSP15, DYNLRB1, DZANK1, DZANK1-AS1, E2F1, EBF4, EDEM2, EDN3, EEF1A2, EIF2S2, EIF6, ELMO2, EMILIN3, ENTPD6, EPB41L1, ERGIC3, ESF1, EYA2, FAM113A, FAM182A, FAM182B, FAM209A, FAM209B, FAM210B, FAM217B, FAM65C, FAM83C, FAM83D, FASTKD5, FER1L4, FERMT1, FITM2, FKBP1A, FKBP1A-SDCBP2, FLJ16779, FLJ33581, FLRT3, FOXA2, FOXS1, FRG1B, GATA5, GCNT7, GDAP1L1, GDF5, GFRA4, GGT7, GGTLC1, GHRH, GINS1, GMEB2, GNAS, GNAS-AS1, GNRH2, GPCPD1, GSS, GTPBP5, GTSF1L, GZF1, HAO1, HAR1A, HAR1B, HCK, HM13, HMGB3P1, HNF4A, HRH3, HSPA12B, HSPC072, ID1, IDH3B, IFT52, INSM1, ISM1, ITCH, ITPA, JAG1, JPH2, KCNB1, KCNG1, KCNK15, KCNQ2, KCNS1, KIAA0889, KIAA1755, KIF16B, KIF3B, L3MBTL1, LAMA5, LAMP5, LBP, LIME1, LINC00028, LINC00029, LINC00176, LINC00261, LINC00266-1, LINC00493, LINC00494, LOC100127888, LOC100128496, LOC100130264, LOC100131208, LOC100131496, LOC100134015, LOC100134868, LOC100144597, LOC100270679, LOC100270804, LOC100287792, LOC100289473, LOC100505536, LOC100505783, LOC100505815, LOC100505826, LOC100506384, LOC100507495, LOC100507629, LOC100652730, LOC149773, LOC149837, LOC149950, LOC200261, LOC284751, LOC284757, LOC284788, LOC284798, LOC284801, LOC339568, LOC339593, LOC388796, LOC63930, LOC643406, LOC647979, LOC728228, LOC79015, LPIN3, LRRN4, LSM14B, MACROD2, MACROD2-AS1, MAFB, MANBAL, MAP1LC3A, MAPRE1, MATN4, MAVS, MC3R, MCM8, MIR1-1, MIR103A2, MIR103B2, MIR124-3, MIR1257, MIR1292, MIR133A2, MIR1914, MIR296, MIR298, MIR3192, MIR3193, MIR3194, MIR3196, MIR3616, MIR3646, MIR4325, MIR4326, MIR4532, MIR4533, MIR4755, MIR4756, MIR4758, MIR499A, MIR499B, MIR5095, MIR644A, MIR645, MIR647, MIR663A, MIR941-1, MIR941-2, MIR941-3, MIR941-4, MKKS, MKRN7P, MLLT10P1, MMP24, MMP9, MOCS3, MRPS26, MTRNR2L3, MYBL2, MYH7B, MYL9, MYLK2, MYT1, NAA20, NANP, NAPB, NCOA3, NCOA5, NCOA6, NCOR1P1, NDRG3, NECAB3, NEURL2, NFATC2, NFS1, NINL, NKAIN4, NKX2-2, NKX2-4, NNAT, NOP56, NPBWR2, NPEPL1, NSFL1C, NTSR1, NXT1, OGFR, OPRL1, OSBPL2, OTOR, OVOL2, OXT, PABPC1L, PAK7, PANK2, PARD6B, PAX1, PCIF1, PCK1, PCMTD2, PCNA, PCNA-AS1, PCSK2, PDRG1, PDYN, PET117, PFDN4, PHACTR3, PHF20, PI3, PIGT, PIGU, PKIG, PLAGL2, PLCB1, PLCB4, PLCG1, PLK1S1, PLTP, PMEPA1, POFUT1, POLR3F, PPDPF, PPP1R16B, PPP1R3D, PPP4R1L, PREX1, PRIC285, PRND, PRNP, PRNT, PROCR, PROKR2, PRPF6, PSIMCT-1, PSMA7, PTGIS, PTK6, PTPN1, PTPRA, PTPRT, PXMP4, PYGB, ProSAPiP1, R3HDML, RAB22A, RAD21L1, RAE1, RALGAPA2, RALGAPB, RALY, RASSF2, RBBP9, RBL1, RBM12, RBM38, RBM39, RBPJL, REM1, RGS19, RIMS4, RIN2, RNF114, RNF24, ROMO1, RPN2, RPRD1B, RPS21, RRBP1, RTEL1, RTEL1-TNFRSF6B, SALL4, SAMD10, SAMHD1, SCAND1, SDC4, SDCBP2, SEC23B, SEL1L2, SEMG1, SEMG2, SERINC3, SGK2, SIGLEC1, SIRPA, SIRPB1, SIRPB2, SIRPD, SIRPG, SLA2, SLC12A5, SLC13A3, SLC17A9, SLC23A2, SLC24A3, SLC2A10, SLC2A4RG, SLC32A1, SLC35C2, SLC4A11, SLC9A8, SLCO4A1, SLMO2, SLMO2-ATP5E, SLPI, SMOX, SNAI1, SNAP25, SNHG11, SNORA39, SNORA51, SNORA60, SNORA71A, SNORA71B, SNORA71C, SNORA71D, SNORD110, SNORD119, SNORD12, SNORD12B, SNORD12C, SNORD17, SNORD56, SNORD57, SNORD86, SNPH, SNRPB, SNRPB2, SNTA1, SNX21, SNX5, SOX18, SPAG4, SPATA2, SPATA25, SPEF1, SPINLW1, SPINLW1-WFDC6, SPINT3, SPINT4, SPO11, SPTLC3, SRC, SRMS, SRSF6, SS18L1, SSTR4, STAU1, STK35, STK4, STMN3, STX16, STX16-NPEPL1, SULF2, SUMO1P1, SUN5, SYCP2, SYNDIG1, SYS1, SYS1-DBNDD2, TAF4, TASP1, TCEA2, TCFL5, TFAP2C, TGIF2, TGIF2-C20ORF24, TGM2, TGM3, TGM6, TH1L, THBD, TM9SF4, TMC2, TMEM189, TMEM189-UBE2V1, TMEM239, TMX4, TNFRSF6B, TNNC2, TOMM34, TOP1, TOX2, TP53INP2, TP53RK, TP53TG5, TPD52L2, TPX2, TRMT6, TRPC4AP, TSHZ2, TSPY26P, TTI1, TTLL9, TTPAL, TUBB1, UBE2C, UBE2V1, UBOX5, UCKL1, UCKL1-AS1, UQCC, VAPB, VPS16, VSTM2L, VSX1, WFDC10A, WFDC10B, WFDC11, WFDC12, WFDC13, WFDC2, WFDC3, WFDC5, WFDC6, WFDC8, WFDC9, WISP2, XKR7, XRN2, YTHDF1, YWHAB, ZBP1, ZBTB46, ZFP64, ZGPAT, ZHX3, ZMYND8, ZNF133, ZNF217, ZNF334, ZNF335, ZNF337, ZNF341, ZNF343, ZNF512B, ZNF663, ZNF831, ZNFX1, ZNFX1-AS1, ZSWIM1, ZSWIM3, hsa-mir-103-2-as, hsa-mir-124-3, hsa-mir-1257, hsa-mir-1259, hsa-mir-1289-1, hsa-mir-1292, hsa-mir-1302-5, hsa-mir-133a-2, hsa-mir-1825, hsa-mir-298, hsa-mir-3192, hsa-mir-3193, hsa-mir-3194, hsa-mir-3195, hsa-mir-4325, hsa-mir-4326, hsa-mir-499, hsa-mir-644, hsa-mir-646, hsa-mir-647, hsa-mir-663","Ewing's Sarcoma","Primary"
"19p13.2","Del","chr19:8912396-17831852",0.011856,9,17,278,"ABHD8, ACP5, AKAP8, AKAP8L, ANGPTL6, ANKLE1, ANO8, AP1M1, AP1M2, ASF1B, ASNA1, ATG4D, BABAM1, BEST2, BRD4, BST2, C19orf38, C19orf42, C19orf43, C19orf44, C19orf52, C19orf53, C19orf57, C19orf66, C19orf80, C3P1, CACNA1A, CALR, CALR3, CARM1, CASP14, CC2D1A, CCDC105, CCDC130, CCDC151, CCDC159, CD97, CDC37, CDKN2D, CHERP, CIB3, CLEC17A, CNN1, COL5A3, CPAMD8, CYP4F11, CYP4F12, CYP4F2, CYP4F22, CYP4F24P, CYP4F3, CYP4F8, DAND5, DCAF15, DDA1, DDX39A, DHPS, DNAJB1, DNASE2, DNM2, DNMT1, DOCK6, ECSIT, EIF3G, ELAVL3, ELOF1, EMR2, EMR3, EPHX3, EPOR, EPS15L1, F2RL3, FAM125A, FAM129C, FAM32A, FARSA, FBXL12, FBXW9, FDX1L, FLJ25328, GADD45GIP1, GCDH, GIPC1, GLT25D1, GTPBP3, HAUS8, HOOK2, HSH2D, ICAM1, ICAM3, ICAM4, ICAM5, IER2, IL27RA, ILF3, ILVBL, JUNB, KANK2, KEAP1, KLF1, KLF2, KRI1, LDLR, LOC100507373, LOC113230, LOC126536, LOC147727, LOC284385, LOC284454, LPHN1, LPPR2, LYL1, MAN2B1, MAST1, MBD3L1, MED26, MIR1181, MIR1238, MIR1470, MIR181C, MIR181D, MIR199A1, MIR23A, MIR24-2, MIR27A, MIR4322, MIR4748, MIR638, MIR639, MRI1, MRPL34, MRPL4, MUC16, MYO9B, NACC1, NANOS3, NDUFB7, NFIX, NOTCH3, NR2F6, NWD1, NXNL1, OCEL1, OLFM2, OR10H1, OR10H2, OR10H3, OR10H4, OR10H5, OR1I1, OR1M1, OR7A10, OR7A17, OR7A5, OR7C1, OR7C2, OR7D2, OR7D4, OR7E24, OR7G1, OR7G2, OR7G3, P2RY11, PALM3, PDE4A, PGLS, PGLYRP2, PIN1, PKN1, PLVAP, PODNL1, PPAN, PPAN-P2RY11, PRDX2, PRKACA, PRKCSH, PTGER1, QTRT1, RAB3D, RAB8A, RAD23A, RASAL3, RAVER1, RDH8, RFX1, RGL3, RLN3, RNASEH2A, RTBDN, S1PR2, S1PR5, SAMD1, SIN3B, SLC1A6, SLC27A1, SLC35E1, SLC44A2, SMARCA4, SNORD105, SNORD105B, SNORD41, SPC24, STX10, SWSAP1, SYCE2, SYDE1, TECR, TMED1, TMEM205, TMEM221, TMEM38A, TNPO2, TPM4, TRMT1, TSPAN16, TYK2, UBL5, UCA1, UNC13A, USE1, USHBP1, WDR83, WDR83OS, WIZ, YIPF2, ZGLP1, ZNF121, ZNF136, ZNF177, ZNF20, ZNF266, ZNF317, ZNF333, ZNF426, ZNF433, ZNF439, ZNF44, ZNF440, ZNF441, ZNF442, ZNF443, ZNF490, ZNF491, ZNF558, ZNF559, ZNF559-ZNF177, ZNF560, ZNF561, ZNF562, ZNF563, ZNF564, ZNF625, ZNF625-ZNF20, ZNF627, ZNF653, ZNF69, ZNF699, ZNF700, ZNF709, ZNF763, ZNF788, ZNF791, ZNF799, ZNF812, ZNF823, ZNF833P, ZNF844, ZNF846, ZNF878, ZSWIM4, hsa-mir-1181, hsa-mir-1238, hsa-mir-1470, hsa-mir-181d, hsa-mir-199a-1, hsa-mir-4322, hsa-mir-638, hsa-mir-639","Ewing's Sarcoma","Primary"
"1p36.33","Amp","chr1:1-678739",0.020539,3,17,13,"DDX11L1, FAM138A, FAM138F, LOC100132062, LOC100132287, LOC100133331, LOC729737, OR4F16, OR4F29, OR4F3, OR4F5, WASH7P, hsa-mir-1302-2","Ewing's Sarcoma","Primary"
"2q32.1","Del","chr2:184018491-189161355",0.061545,4,17,8,"CALCRL, FAM171B, FSIP2, ITGAV, TFPI, ZC3H15, ZNF804A, ZSWIM2","Ewing's Sarcoma","Primary"
"12q24.33","Del","chr12:133277287-133851895",0.06184,3,17,11,"ANKLE2, CHFR, GOLGA3, LOC647589, PGAM5, ZNF10, ZNF140, ZNF26, ZNF268, ZNF605, ZNF84","Ewing's Sarcoma","Primary"
"9q34.13","Del","chr9:1-141213431",0.064013,2,17,983,"ABCA1, ABCA2, ABL1, ABO, ACER2, ACO1, ACTL7A, ACTL7B, ADAMTS13, ADAMTSL1, ADAMTSL2, AGPAT2, AGTPBP1, AIF1L, AK1, AK3, AK8, AKAP2, AKNA, ALAD, ALDH1A1, ALDH1B1, ALDOB, ALG2, AMBP, ANAPC2, ANGPTL2, ANKRD18A, ANKRD18B, ANKRD19P, ANKRD20A1, ANKRD20A2, ANKRD20A3, ANKRD20A4, ANKS6, ANP32B, ANXA1, ANXA2P2, APBA1, APTX, AQP3, AQP7, AQP7P1, AQP7P3, ARID3C, ARPC5L, ARRDC1, ASB6, ASPN, ASS1, ASTN2, ATP6V1G1, ATP8B5P, AUH, B4GALT1, BAAT, BAG1, BARHL1, BARX1, BDAG1, BICD2, BNC2, BRD3, BSPRY, C5, C8G, C9orf100, C9orf102, C9orf103, C9orf106, C9orf11, C9orf114, C9orf116, C9orf117, C9orf123, C9orf125, C9orf128, C9orf129, C9orf131, C9orf135, C9orf139, C9orf142, C9orf146, C9orf152, C9orf153, C9orf156, C9orf16, C9orf163, C9orf167, C9orf169, C9orf170, C9orf171, C9orf172, C9orf173, C9orf174, C9orf21, C9orf23, C9orf24, C9orf25, C9orf29, C9orf3, C9orf30, C9orf30-TMEFF1, C9orf37, C9orf4, C9orf40, C9orf41, C9orf43, C9orf46, C9orf47, C9orf5, C9orf50, C9orf53, C9orf57, C9orf64, C9orf66, C9orf68, C9orf69, C9orf7, C9orf71, C9orf72, C9orf78, C9orf79, C9orf80, C9orf82, C9orf84, C9orf85, C9orf86, C9orf89, C9orf9, C9orf91, C9orf93, C9orf95, C9orf96, CA9, CACNA1B, CAMSAP1, CARD9, CBWD1, CBWD3, CBWD5, CBWD6, CCBL1, CCDC107, CCIN, CCL19, CCL21, CCL27, CD274, CD72, CDC14B, CDC26, CDC37L1, CDK20, CDK5RAP2, CDK9, CDKN2A, CDKN2B, CDKN2B-AS1, CEL, CELP, CENPP, CEP78, CER1, CERCAM, CHMP5, CIZ1, CKS2, CLIC3, CLTA, CNTFR, CNTLN, CNTNAP3, CNTNAP3B, CNTRL, COBRA1, COL15A1, COL27A1, COL5A1, COQ4, CORO2A, CRAT, CRB2, CREB3, CTNNAL1, CTSL1, CTSL1P8, CTSL2, CTSL3, CYLC2, DAB2IP, DAPK1, DBC1, DBH, DCAF10, DCAF12, DCTN3, DDX31, DDX58, DEC1, DENND1A, DENND4C, DFNB31, DIRAS2, DKFZP434A062, DMRT1, DMRT2, DMRT3, DMRTA1, DNAI1, DNAJA1, DNAJB5, DNAJC25, DNAJC25-GNG10, DNLZ, DNM1, DOCK8, DOLK, DOLPP1, DPM2, DPP7, ECM2, EDF1, EGFL7, EHMT1, ELAVL2, ENDOG, ENG, ENHO, ENTPD2, ENTPD8, EPB41L4B, ERMP1, ERP44, EXD3, EXOSC2, EXOSC3, FAM102A, FAM108B1, FAM120A, FAM120AOS, FAM122A, FAM125B, FAM129B, FAM138C, FAM154A, FAM157B, FAM163B, FAM166A, FAM166B, FAM189A2, FAM201A, FAM205A, FAM205B, FAM206A, FAM214B, FAM22F, FAM22G, FAM27A, FAM27B, FAM27C, FAM69B, FAM73B, FAM74A1, FAM74A2, FAM74A3, FAM74A4, FAM75A1, FAM75A2, FAM75A3, FAM75A4, FAM75A5, FAM75A6, FAM75A7, FAM75C1, FAM75C2, FAM75D1, FAM75D3, FAM75D4, FAM75D5, FAM78A, FAM95B1, FANCC, FANCG, FBP1, FBP2, FBXO10, FBXW2, FBXW5, FCN1, FCN2, FGD3, FIBCD1, FKBP15, FKTN, FLJ35024, FLJ35282, FLJ40292, FLJ41200, FNBP1, FOXB2, FOXD4, FOXD4L2, FOXD4L3, FOXD4L4, FOXD4L5, FOXD4L6, FOXE1, FP588, FPGS, FREM1, FRMD3, FRMPD1, FSD1L, FUBP3, FUT7, FXN, GABBR2, GADD45G, GALNT12, GALT, GAPVD1, GARNL3, GAS1, GBA2, GBGT1, GCNT1, GDA, GFI1B, GGTA1P, GKAP1, GLDC, GLE1, GLIPR2, GLIS3, GLIS3-AS1, GLT6D1, GNA14, GNAQ, GNE, GNG10, GOLGA1, GOLGA2, GOLM1, GPR107, GPR144, GPR21, GPSM1, GRHPR, GRIN1, GRIN3A, GSN, GTF3C4, GTF3C5, HABP4, HAUS6, HDHD3, HEMGN, HIATL1, HIATL2, HINT2, HNRNPK, HRCT1, HSD17B3, HSDL2, HSPA5, IARS, IER5L, IFNA1, IFNA10, IFNA13, IFNA14, IFNA16, IFNA17, IFNA2, IFNA21, IFNA22P, IFNA4, IFNA5, IFNA6, IFNA7, IFNA8, IFNB1, IFNE, IFNK, IFNW1, IFT74, IGFBPL1, IKBKAP, IL11RA, IL33, INPP5E, INSL4, INSL6, INVS, IPPK, ISCA1, JAK2, KANK1, KCNT1, KCNV2, KDM4C, KGFLP1, KGFLP2, KIAA0020, KIAA0368, KIAA1045, KIAA1161, KIAA1432, KIAA1797, KIAA1958, KIAA1984, KIAA2026, KIF12, KIF24, KIF27, KLF4, KLF9, KLHL9, LAMC3, LCN1, LCN10, LCN12, LCN15, LCN2, LCN6, LCN8, LCN9, LCNL1, LHX2, LHX3, LHX6, LINC00032, LINC00092, LINC00094, LINC00256A, LINC00256B, LINC00474, LINC00475, LINC00476, LINGO2, LMX1B, LOC100128076, LOC100128361, LOC100128505, LOC100128593, LOC100129034, LOC100129250, LOC100129316, LOC100129722, LOC100130954, LOC100131193, LOC100132077, LOC100132352, LOC100132781, LOC100133920, LOC100272217, LOC100286938, LOC100288842, LOC100289019, LOC100289341, LOC100499484, LOC100505478, LOC100506100, LOC100506190, LOC100506422, LOC100506599, LOC100506710, LOC100507244, LOC100507299, LOC100507346, LOC158257, LOC158376, LOC158434, LOC158435, LOC253039, LOC286238, LOC286297, LOC286359, LOC286367, LOC286370, LOC340508, LOC340515, LOC389705, LOC389765, LOC389791, LOC392364, LOC401497, LOC401557, LOC415056, LOC440173, LOC440896, LOC441454, LOC441455, LOC441461, LOC442421, LOC494127, LOC494558, LOC572558, LOC642236, LOC642929, LOC643648, LOC653501, LPAR1, LPPR1, LRRC19, LRRC26, LRRC8A, LRSAM1, LURAP1L, MAMDC2, MAMDC4, MAN1B1, MAPKAP1, MCART1, MED22, MED27, MEGF9, MELK, METTL11A, MGC21881, MIR101-2, MIR126, MIR147A, MIR181A2, MIR181A2HG, MIR181B2, MIR199B, MIR204, MIR219-2, MIR2278, MIR23B, MIR24-1, MIR27B, MIR2861, MIR2964A, MIR3074, MIR31, MIR3134, MIR3152, MIR3153, MIR3154, MIR31HG, MIR32, MIR3621, MIR3651, MIR3689A, MIR3689B, MIR3689C, MIR3689D1, MIR3689D2, MIR3689E, MIR3689F, MIR3910-1, MIR3910-2, MIR3911, MIR3960, MIR4289, MIR4290, MIR4291, MIR4292, MIR4473, MIR4474, MIR4475, MIR4476, MIR4478, MIR4479, MIR4540, MIR455, MIR4665, MIR4667, MIR4668, MIR4669, MIR4670, MIR4672, MIR4673, MIR4674, MIR491, MIR548H3, MIR548Q, MIR600, MIR600HG, MIR601, MIR602, MIR7-1, MIR873, MIR876, MIRLET7A1, MIRLET7D, MIRLET7F1, MLANA, MLLT3, MOB3B, MORN5, MPDZ, MRPL41, MRPL50, MRPS2, MRRF, MSMP, MTAP, MURC, MUSK, NAA35, NACC2, NAIF1, NANS, NCBP1, NCS1, NDOR1, NDUFA8, NDUFB6, NEK6, NELF, NFIB, NFIL3, NFX1, NINJ1, NIPSNAP3A, NIPSNAP3B, NOL6, NOL8, NOTCH1, NOXA1, NPDC1, NPR2, NR4A3, NR5A1, NR6A1, NRARP, NRON, NTNG2, NTRK2, NUDT2, NUP188, NUP214, NXNL2, OBP2A, OBP2B, ODF2, OGN, OLFM1, OLFML2A, OMD, OR13C2, OR13C3, OR13C4, OR13C5, OR13C8, OR13C9, OR13D1, OR13F1, OR13J1, OR1B1, OR1J1, OR1J2, OR1J4, OR1K1, OR1L1, OR1L3, OR1L4, OR1L6, OR1L8, OR1N1, OR1N2, OR1Q1, OR2K2, OR2S2, OR5C1, ORM1, ORM2, OSTF1, PAEP, PALM2, PALM2-AKAP2, PAPPA, PAX5, PBX3, PCA3, PCSK5, PDCD1LG2, PDCL, PGM5, PGM5P2, PHF19, PHF2, PHPT1, PHYHD1, PIGO, PIP5K1B, PIP5KL1, PKN3, PLAA, PLIN2, PMPCA, PNPLA7, POLE3, POLR1E, POMT1, PPAPDC2, PPAPDC3, PPP1R26, PPP2R4, PPP3R2, PPP6C, PRDM12, PRKACG, PRPF4, PRRC2B, PRRX2, PRSS3, PRUNE2, PSAT1, PSIP1, PSMB7, PSMD5, PTAR1, PTBP3, PTCH1, PTENP1, PTGDS, PTGES, PTGES2, PTGR1, PTGS1, PTPDC1, PTPLAD2, PTPN3, PTPRD, PTRH1, QRFP, QSOX2, RAB14, RABEPK, RABGAP1, RAD23B, RALGDS, RALGPS1, RANBP6, RAPGEF1, RASEF, RBM18, RC3H2, RCL1, RECK, REXO4, RFK, RFX3, RG9MTD3, RGP1, RGS3, RLN1, RLN2, RMI1, RMRP, RNF183, RNF20, RNF208, RNF224, RNF38, RNU6ATAC, ROR2, RORB, RPL12, RPL35, RPL7A, RPS6, RPSAP9, RRAGA, RUSC2, RXRA, S1PR3, SAPCD2, SARDH, SCAI, SCARNA8, SDCCAG3, SEC16A, SEC61B, SECISBP2, SEMA4D, SET, SETX, SH2D3C, SH3GL2, SH3GLB2, SHB, SHC3, SIGMAR1, SIT1, SLC1A1, SLC24A2, SLC25A25, SLC27A4, SLC28A3, SLC2A6, SLC2A8, SLC31A1, SLC31A2, SLC34A3, SLC35D2, SLC44A1, SLC46A2, SMARCA2, SMC2, SMC5, SMU1, SNAPC3, SNAPC4, SNHG7, SNORA17, SNORA43, SNORA65, SNORA70C, SNORA84, SNORD121A, SNORD121B, SNORD24, SNORD36A, SNORD36B, SNORD36C, SNORD62A, SNORD62B, SNORD90, SNX30, SOHLH1, SPAG8, SPIN1, SPINK4, SPTAN1, SPTLC1, SSNA1, ST6GALNAC4, ST6GALNAC6, STOM, STOML2, STRBP, STX17, STXBP1, SUGT1P1, SURF1, SURF2, SURF4, SURF6, SUSD1, SUSD3, SVEP1, SWI5, SYK, TAF1L, TAL2, TBC1D13, TBC1D2, TDRD7, TEK, TESK1, TEX10, TGFBR1, TJP2, TLE1, TLE4, TLN1, TLR4, TMC1, TMEFF1, TMEM141, TMEM2, TMEM203, TMEM215, TMEM38B, TMEM8B, TMEM8C, TMOD1, TNC, TNFSF15, TNFSF8, TOMM5, TOPORS, TOR1A, TOR1B, TOR2A, TPD52L3, TPM2, TPRN, TRAF1, TRAF2, TRIM14, TRIM32, TRPM3, TRPM6, TRUB2, TSC1, TSTD2, TTC16, TTC39B, TTF1, TTLL11, TUBB4B, TUBBP5, TUSC1, TXN, TXNDC8, TYRP1, UAP1L1, UBAC1, UBAP1, UBAP2, UBE2R2, UBQLN1, UCK1, UGCG, UHRF2, UNC13B, UNQ6494, URM1, USP20, VAV2, VCP, VLDLR, VPS13A, WASH1, WDR31, WDR34, WDR38, WDR5, WDR85, WNK2, XPA, ZBTB26, ZBTB34, ZBTB43, ZBTB5, ZBTB6, ZCCHC6, ZCCHC7, ZDHHC12, ZDHHC21, ZER1, ZFAND5, ZFP37, ZMYND19, ZNF169, ZNF189, ZNF367, ZNF462, ZNF483, ZNF484, ZNF510, ZNF618, ZNF658, ZNF658B, ZNF782, ZNF79, ZNF883, hsa-let-7d, hsa-mir-101-2, hsa-mir-126, hsa-mir-1299, hsa-mir-1302-8, hsa-mir-1302-9, hsa-mir-147, hsa-mir-181b-2, hsa-mir-204, hsa-mir-219-2, hsa-mir-2278, hsa-mir-24-1, hsa-mir-2861, hsa-mir-31, hsa-mir-3152, hsa-mir-3153, hsa-mir-3154, hsa-mir-32, hsa-mir-4289, hsa-mir-4290, hsa-mir-4291, hsa-mir-4292, hsa-mir-455, hsa-mir-491, hsa-mir-600, hsa-mir-601, hsa-mir-602, hsa-mir-7-1, hsa-mir-873","Ewing's Sarcoma","Primary"
"9q34.13","Del","chr9:15539487-141213431",0.064013,2,17,922,"ABCA1, ABCA2, ABL1, ABO, ACER2, ACO1, ACTL7A, ACTL7B, ADAMTS13, ADAMTSL1, ADAMTSL2, AGPAT2, AGTPBP1, AIF1L, AK1, AK8, AKAP2, AKNA, ALAD, ALDH1A1, ALDH1B1, ALDOB, ALG2, AMBP, ANAPC2, ANGPTL2, ANKRD18A, ANKRD18B, ANKRD19P, ANKRD20A1, ANKRD20A2, ANKRD20A3, ANKRD20A4, ANKS6, ANP32B, ANXA1, ANXA2P2, APBA1, APTX, AQP3, AQP7, AQP7P1, AQP7P3, ARID3C, ARPC5L, ARRDC1, ASB6, ASPN, ASS1, ASTN2, ATP6V1G1, ATP8B5P, AUH, B4GALT1, BAAT, BAG1, BARHL1, BARX1, BDAG1, BICD2, BNC2, BRD3, BSPRY, C5, C8G, C9orf100, C9orf102, C9orf103, C9orf106, C9orf11, C9orf114, C9orf116, C9orf117, C9orf125, C9orf128, C9orf129, C9orf131, C9orf135, C9orf139, C9orf142, C9orf152, C9orf153, C9orf156, C9orf16, C9orf163, C9orf167, C9orf169, C9orf170, C9orf171, C9orf172, C9orf173, C9orf174, C9orf21, C9orf23, C9orf24, C9orf25, C9orf29, C9orf3, C9orf30, C9orf30-TMEFF1, C9orf37, C9orf4, C9orf40, C9orf41, C9orf43, C9orf47, C9orf5, C9orf50, C9orf53, C9orf57, C9orf64, C9orf69, C9orf7, C9orf71, C9orf72, C9orf78, C9orf79, C9orf80, C9orf82, C9orf84, C9orf85, C9orf86, C9orf89, C9orf9, C9orf91, C9orf93, C9orf95, C9orf96, CA9, CACNA1B, CAMSAP1, CARD9, CBWD3, CBWD5, CBWD6, CCBL1, CCDC107, CCIN, CCL19, CCL21, CCL27, CD72, CDC14B, CDC26, CDK20, CDK5RAP2, CDK9, CDKN2A, CDKN2B, CDKN2B-AS1, CEL, CELP, CENPP, CEP78, CERCAM, CHMP5, CIZ1, CKS2, CLIC3, CLTA, CNTFR, CNTLN, CNTNAP3, CNTNAP3B, CNTRL, COBRA1, COL15A1, COL27A1, COL5A1, COQ4, CORO2A, CRAT, CRB2, CREB3, CTNNAL1, CTSL1, CTSL1P8, CTSL2, CTSL3, CYLC2, DAB2IP, DAPK1, DBC1, DBH, DCAF10, DCAF12, DCTN3, DDX31, DDX58, DEC1, DENND1A, DENND4C, DFNB31, DIRAS2, DKFZP434A062, DMRTA1, DNAI1, DNAJA1, DNAJB5, DNAJC25, DNAJC25-GNG10, DNLZ, DNM1, DOLK, DOLPP1, DPM2, DPP7, ECM2, EDF1, EGFL7, EHMT1, ELAVL2, ENDOG, ENG, ENHO, ENTPD2, ENTPD8, EPB41L4B, ERP44, EXD3, EXOSC2, EXOSC3, FAM102A, FAM108B1, FAM120A, FAM120AOS, FAM122A, FAM125B, FAM129B, FAM154A, FAM157B, FAM163B, FAM166A, FAM166B, FAM189A2, FAM201A, FAM205A, FAM205B, FAM206A, FAM214B, FAM22F, FAM22G, FAM27A, FAM27B, FAM27C, FAM69B, FAM73B, FAM74A1, FAM74A2, FAM74A3, FAM74A4, FAM75A1, FAM75A2, FAM75A3, FAM75A4, FAM75A5, FAM75A6, FAM75A7, FAM75C1, FAM75C2, FAM75D1, FAM75D3, FAM75D4, FAM75D5, FAM78A, FAM95B1, FANCC, FANCG, FBP1, FBP2, FBXO10, FBXW2, FBXW5, FCN1, FCN2, FGD3, FIBCD1, FKBP15, FKTN, FLJ35282, FLJ40292, FNBP1, FOXB2, FOXD4L2, FOXD4L3, FOXD4L4, FOXD4L5, FOXD4L6, FOXE1, FP588, FPGS, FRMD3, FRMPD1, FSD1L, FUBP3, FUT7, FXN, GABBR2, GADD45G, GALNT12, GALT, GAPVD1, GARNL3, GAS1, GBA2, GBGT1, GCNT1, GDA, GFI1B, GGTA1P, GKAP1, GLE1, GLIPR2, GLT6D1, GNA14, GNAQ, GNE, GNG10, GOLGA1, GOLGA2, GOLM1, GPR107, GPR144, GPR21, GPSM1, GRHPR, GRIN1, GRIN3A, GSN, GTF3C4, GTF3C5, HABP4, HAUS6, HDHD3, HEMGN, HIATL1, HIATL2, HINT2, HNRNPK, HRCT1, HSD17B3, HSDL2, HSPA5, IARS, IER5L, IFNA1, IFNA10, IFNA13, IFNA14, IFNA16, IFNA17, IFNA2, IFNA21, IFNA22P, IFNA4, IFNA5, IFNA6, IFNA7, IFNA8, IFNB1, IFNE, IFNK, IFNW1, IFT74, IGFBPL1, IKBKAP, IL11RA, INPP5E, INVS, IPPK, ISCA1, KCNT1, KGFLP1, KGFLP2, KIAA0368, KIAA1045, KIAA1161, KIAA1797, KIAA1958, KIAA1984, KIF12, KIF24, KIF27, KLF4, KLF9, KLHL9, LAMC3, LCN1, LCN10, LCN12, LCN15, LCN2, LCN6, LCN8, LCN9, LCNL1, LHX2, LHX3, LHX6, LINC00032, LINC00092, LINC00094, LINC00256A, LINC00256B, LINC00474, LINC00475, LINC00476, LINGO2, LMX1B, LOC100128076, LOC100128361, LOC100128505, LOC100128593, LOC100129034, LOC100129250, LOC100129316, LOC100129722, LOC100130954, LOC100131193, LOC100132077, LOC100132352, LOC100132781, LOC100133920, LOC100272217, LOC100286938, LOC100288842, LOC100289019, LOC100289341, LOC100499484, LOC100505478, LOC100506100, LOC100506190, LOC100506422, LOC100506599, LOC100506710, LOC100507244, LOC100507299, LOC100507346, LOC158257, LOC158376, LOC158434, LOC158435, LOC253039, LOC286238, LOC286297, LOC286359, LOC286367, LOC286370, LOC340508, LOC340515, LOC389765, LOC389791, LOC392364, LOC401497, LOC401557, LOC415056, LOC440173, LOC440896, LOC441454, LOC441455, LOC441461, LOC442421, LOC494127, LOC494558, LOC572558, LOC642236, LOC642929, LOC643648, LOC653501, LPAR1, LPPR1, LRRC19, LRRC26, LRRC8A, LRSAM1, MAMDC2, MAMDC4, MAN1B1, MAPKAP1, MCART1, MED22, MED27, MEGF9, MELK, METTL11A, MGC21881, MIR126, MIR147A, MIR181A2, MIR181A2HG, MIR181B2, MIR199B, MIR204, MIR219-2, MIR2278, MIR23B, MIR24-1, MIR27B, MIR2861, MIR2964A, MIR3074, MIR31, MIR3134, MIR3152, MIR3153, MIR3154, MIR31HG, MIR32, MIR3621, MIR3651, MIR3689A, MIR3689B, MIR3689C, MIR3689D1, MIR3689D2, MIR3689E, MIR3689F, MIR3910-1, MIR3910-2, MIR3911, MIR3960, MIR4289, MIR4290, MIR4291, MIR4292, MIR4473, MIR4474, MIR4475, MIR4476, MIR4478, MIR4479, MIR4540, MIR455, MIR4667, MIR4668, MIR4669, MIR4670, MIR4672, MIR4673, MIR4674, MIR491, MIR548H3, MIR548Q, MIR600, MIR600HG, MIR601, MIR602, MIR7-1, MIR873, MIR876, MIRLET7A1, MIRLET7D, MIRLET7F1, MLLT3, MOB3B, MORN5, MRPL41, MRPL50, MRPS2, MRRF, MSMP, MTAP, MURC, MUSK, NAA35, NACC2, NAIF1, NANS, NCBP1, NCS1, NDOR1, NDUFA8, NDUFB6, NEK6, NELF, NFIL3, NFX1, NINJ1, NIPSNAP3A, NIPSNAP3B, NOL6, NOL8, NOTCH1, NOXA1, NPDC1, NPR2, NR4A3, NR5A1, NR6A1, NRARP, NRON, NTNG2, NTRK2, NUDT2, NUP188, NUP214, NXNL2, OBP2A, OBP2B, ODF2, OGN, OLFM1, OLFML2A, OMD, OR13C2, OR13C3, OR13C4, OR13C5, OR13C8, OR13C9, OR13D1, OR13F1, OR13J1, OR1B1, OR1J1, OR1J2, OR1J4, OR1K1, OR1L1, OR1L3, OR1L4, OR1L6, OR1L8, OR1N1, OR1N2, OR1Q1, OR2K2, OR2S2, OR5C1, ORM1, ORM2, OSTF1, PAEP, PALM2, PALM2-AKAP2, PAPPA, PAX5, PBX3, PCA3, PCSK5, PDCL, PGM5, PGM5P2, PHF19, PHF2, PHPT1, PHYHD1, PIGO, PIP5K1B, PIP5KL1, PKN3, PLAA, PLIN2, PMPCA, PNPLA7, POLE3, POLR1E, POMT1, PPAPDC3, PPP1R26, PPP2R4, PPP3R2, PPP6C, PRDM12, PRKACG, PRPF4, PRRC2B, PRRX2, PRSS3, PRUNE2, PSAT1, PSMB7, PSMD5, PTAR1, PTBP3, PTCH1, PTENP1, PTGDS, PTGES, PTGES2, PTGR1, PTGS1, PTPDC1, PTPLAD2, PTPN3, PTRH1, QRFP, QSOX2, RAB14, RABEPK, RABGAP1, RAD23B, RALGDS, RALGPS1, RAPGEF1, RASEF, RBM18, RC3H2, RECK, REXO4, RFK, RG9MTD3, RGP1, RGS3, RMI1, RMRP, RNF183, RNF20, RNF208, RNF224, RNF38, RNU6ATAC, ROR2, RORB, RPL12, RPL35, RPL7A, RPS6, RPSAP9, RRAGA, RUSC2, RXRA, S1PR3, SAPCD2, SARDH, SCAI, SCARNA8, SDCCAG3, SEC16A, SEC61B, SECISBP2, SEMA4D, SET, SETX, SH2D3C, SH3GL2, SH3GLB2, SHB, SHC3, SIGMAR1, SIT1, SLC24A2, SLC25A25, SLC27A4, SLC28A3, SLC2A6, SLC2A8, SLC31A1, SLC31A2, SLC34A3, SLC35D2, SLC44A1, SLC46A2, SMC2, SMC5, SMU1, SNAPC4, SNHG7, SNORA17, SNORA43, SNORA65, SNORA70C, SNORA84, SNORD121A, SNORD121B, SNORD24, SNORD36A, SNORD36B, SNORD36C, SNORD62A, SNORD62B, SNORD90, SNX30, SOHLH1, SPAG8, SPIN1, SPINK4, SPTAN1, SPTLC1, SSNA1, ST6GALNAC4, ST6GALNAC6, STOM, STOML2, STRBP, STX17, STXBP1, SUGT1P1, SURF1, SURF2, SURF4, SURF6, SUSD1, SUSD3, SVEP1, SWI5, SYK, TAF1L, TAL2, TBC1D13, TBC1D2, TDRD7, TEK, TESK1, TEX10, TGFBR1, TJP2, TLE1, TLE4, TLN1, TLR4, TMC1, TMEFF1, TMEM141, TMEM2, TMEM203, TMEM215, TMEM38B, TMEM8B, TMEM8C, TMOD1, TNC, TNFSF15, TNFSF8, TOMM5, TOPORS, TOR1A, TOR1B, TOR2A, TPM2, TPRN, TRAF1, TRAF2, TRIM14, TRIM32, TRPM3, TRPM6, TRUB2, TSC1, TSTD2, TTC16, TTF1, TTLL11, TUBB4B, TUBBP5, TUSC1, TXN, TXNDC8, UAP1L1, UBAC1, UBAP1, UBAP2, UBE2R2, UBQLN1, UCK1, UGCG, UNC13B, UNQ6494, URM1, USP20, VAV2, VCP, VPS13A, WDR31, WDR34, WDR38, WDR5, WDR85, WNK2, XPA, ZBTB26, ZBTB34, ZBTB43, ZBTB5, ZBTB6, ZCCHC6, ZCCHC7, ZDHHC12, ZER1, ZFAND5, ZFP37, ZMYND19, ZNF169, ZNF189, ZNF367, ZNF462, ZNF483, ZNF484, ZNF510, ZNF618, ZNF658, ZNF658B, ZNF782, ZNF79, ZNF883, hsa-let-7d, hsa-mir-126, hsa-mir-1299, hsa-mir-1302-8, hsa-mir-147, hsa-mir-181b-2, hsa-mir-204, hsa-mir-219-2, hsa-mir-2278, hsa-mir-24-1, hsa-mir-2861, hsa-mir-31, hsa-mir-3152, hsa-mir-3153, hsa-mir-3154, hsa-mir-32, hsa-mir-4289, hsa-mir-4290, hsa-mir-4291, hsa-mir-4292, hsa-mir-455, hsa-mir-491, hsa-mir-600, hsa-mir-601, hsa-mir-602, hsa-mir-7-1, hsa-mir-873","Ewing's Sarcoma","Primary"
"10q26.3","Del","chr10:133792082-135534747",0.064013,3,17,39,"ADAM8, C10orf125, C10orf91, CALY, CYP2E1, DPYSL4, DUX2, DUX4, DUX4L2, DUX4L3, DUX4L5, DUX4L6, DUX4L7, ECHS1, FRG2B, GPR123, INPP5A, JAKMIP3, KNDC1, LOC399829, LOC619207, LRRC27, MIR202, MIR3944, MTG1, NKX6-2, PAOX, PRAP1, PWWP2B, SPRN, SPRNP1, STK32C, SYCE1, TTC40, TUBGCP2, UTF1, VENTX, ZNF511, hsa-mir-202","Ewing's Sarcoma","Primary"
"11p15.5","Del","chr11:1-134138863",0.064013,3,17,1474,"AASDHPPT, ABCC8, ABCG4, ABTB2, ACAD8, ACAT1, ACCS, ACCSL, ACER3, ACP2, ACRV1, ACTN3, ACY3, ADAMTS15, ADAMTS8, ADM, ADRBK1, AGBL2, AHNAK, AIP, AKIP1, ALDH3B1, ALDH3B2, ALG8, ALG9, ALKBH3, ALKBH8, ALX4, AMBRA1, AMICA1, AMOTL1, AMPD3, ANGPTL5, ANKK1, ANKRD13D, ANKRD42, ANKRD49, ANO1, ANO3, ANO5, ANO9, AP2A2, APBB1, API5, APIP, APLNR, APLP2, APOA1, APOA4, APOA5, APOC3, AQP11, ARAP1, ARCN1, ARFGAP2, ARFIP2, ARHGAP1, ARHGAP20, ARHGAP32, ARHGAP42, ARHGEF12, ARHGEF17, ARL2, ARL2-SNX15, ARNTL, ARRB1, ART1, ART5, ASCL2, ASCL3, ASRGL1, ATG13, ATG16L2, ATG2A, ATHL1, ATL3, ATM, ATP5L, B3GAT3, B3GNT1, B3GNT6, B4GALNT4, B7H6, BACE1, BACE1-AS, BAD, BANF1, BARX2, BATF2, BBOX1, BBS1, BCL9L, BCO2, BDNF, BDNF-AS1, BEST1, BET1L, BIRC2, BIRC3, BLID, BRMS1, BRSK2, BSCL2, BSX, BTBD10, BTBD18, BTG4, BUD13, C11orf1, C11orf10, C11orf16, C11orf2, C11orf20, C11orf21, C11orf24, C11orf30, C11orf31, C11orf34, C11orf35, C11orf36, C11orf40, C11orf41, C11orf42, C11orf45, C11orf46, C11orf48, C11orf49, C11orf51, C11orf52, C11orf53, C11orf54, C11orf57, C11orf58, C11orf61, C11orf63, C11orf65, C11orf67, C11orf68, C11orf70, C11orf71, C11orf73, C11orf74, C11orf75, C11orf80, C11orf82, C11orf83, C11orf84, C11orf85, C11orf86, C11orf87, C11orf88, C11orf9, C11orf91, C11orf92, C11orf93, C11orf94, C11orf95, C11orf96, C1QTNF4, C1QTNF5, C2CD2L, C2CD3, CABP2, CABP4, CADM1, CALCA, CALCB, CAPN1, CAPN5, CAPRIN1, CARD16, CARD17, CARD18, CARNS1, CARS, CASP1, CASP12, CASP4, CASP5, CAT, CATSPER1, CBL, CCDC15, CCDC153, CCDC34, CCDC67, CCDC73, CCDC81, CCDC82, CCDC83, CCDC84, CCDC85B, CCDC86, CCDC87, CCDC88B, CCDC89, CCDC90B, CCKBR, CCND1, CCS, CD151, CD248, CD3D, CD3E, CD3G, CD44, CD5, CD59, CD6, CD81, CD82, CDC42BPG, CDC42EP2, CDCA5, CDHR5, CDK2AP2, CDKN1C, CDON, CELF1, CEND1, CEP164, CEP57, CFL1, CHCHD8, CHEK1, CHID1, CHKA, CHORDC1, CHRDL2, CHRM1, CHRM4, CHRNA10, CHST1, CKAP5, CLCF1, CLDN25, CLMP, CLNS1A, CLP1, CLPB, CNGA4, CNIH2, CNTF, CNTN5, COMMD9, COPB1, CORO1B, COX8A, CPSF7, CPT1A, CREB3L1, CREBZF, CRTAM, CRY2, CRYAB, CSNK2A1P, CSRP3, CST6, CSTF3, CTNND1, CTR9, CTSC, CTSD, CTSF, CTSW, CTTN, CUL5, CWC15, CWF19L2, CXCR5, CYB5R2, CYBASC3, CYP2R1, DAGLA, DAK, DBX1, DCDC1, DCDC5, DCHS1, DCPS, DCUN1D5, DDB1, DDB2, DDI1, DDX10, DDX25, DDX6, DEAF1, DEFB108B, DENND5A, DEPDC7, DGAT2, DGKZ, DHCR7, DIXDC1, DKFZP434K028, DKFZp686K1684, DKFZp761E198, DKFZp779M0652, DKK3, DLAT, DLG2, DNAJB13, DNAJC24, DNAJC4, DNHD1, DOC2GP, DPAGT1, DPF2, DPP3, DRAP1, DRD2, DRD4, DSCAML1, DTX4, DUSP8, DYNC2H1, E2F8, EED, EEF1G, EFCAB4A, EFEMP2, EHBP1L1, EHD1, EHF, EI24, EIF1AD, EIF3F, EIF3M, EIF4G2, ELF5, ELMOD1, ELP4, EML3, ENDOD1, EPS8L2, ESAM, ESRRA, ETS1, EXPH5, EXT2, F2, FADD, FADS1, FADS2, FADS3, FAM111A, FAM111B, FAM118B, FAM160A2, FAM168A, FAM180B, FAM181B, FAM55A, FAM55B, FAM55D, FAM76B, FAM86C1, FAM86C2P, FAM89B, FAM99A, FAM99B, FANCF, FAR1, FAT3, FAU, FBXO3, FCHSD2, FDX1, FDXACB1, FEN1, FERMT3, FEZ1, FGF19, FGF3, FGF4, FIBIN, FIBP, FJX1, FKBP2, FLI1, FLJ39051, FLJ42102, FLRT1, FNBP4, FOLH1, FOLH1B, FOLR1, FOLR2, FOLR3, FOLR4, FOSL1, FOXR1, FOXRED1, FRMD8, FSHB, FTH1, FUT4, FXC1, FXYD2, FXYD6, FXYD6-FXYD2, FZD4, GAB2, GAL, GAL3ST3, GALNTL4, GANAB, GAS2, GDPD4, GDPD5, GIF, GLYAT, GLYATL1, GLYATL2, GNG3, GPHA2, GPR137, GPR152, GPR83, GRAMD1B, GRIA4, GRIK4, GRM5, GSTP1, GTF2H1, GUCY1A2, GUCY2E, GVINP1, GYLTL1B, H19, H2AFX, HARBI1, HBB, HBBP1, HBD, HBE1, HBG1, HBG2, HEPACAM, HEPHL1, HEPN1, HINFP, HIPK3, HMBS, HNRNPKP3, HNRNPUL2, HNRNPUL2-BSCL2, HPS5, HPX, HRAS, HRASLS2, HRASLS5, HSD17B12, HSPA8, HSPB2, HSPB2-C11orf52, HTATIP2, HTR3A, HTR3B, HYLS1, HYOU1, IFITM1, IFITM10, IFITM2, IFITM3, IFITM5, IFT46, IGF2, IGF2-AS1, IGHMBP2, IGSF22, IGSF9B, IL10RA, IL18, IL18BP, ILK, IMMP1L, INCENP, INPPL1, INS, INS-IGF2, INSC, INTS4, INTS5, IPO7, IRF7, JAM3, JRKL, KAT5, KBTBD3, KBTBD4, KCNA4, KCNC1, KCNE3, KCNJ1, KCNJ11, KCNJ5, KCNK4, KCNK7, KCNQ1, KCNQ1DN, KCNQ1OT1, KCTD14, KCTD21, KDELC2, KDM2A, KDM4D, KDM4DL, KIAA1377, KIAA1731, KIAA1826, KIF18A, KIRREL3, KIRREL3-AS3, KLC2, KLHL35, KRT8P41, KRTAP5-1, KRTAP5-10, KRTAP5-11, KRTAP5-2, KRTAP5-3, KRTAP5-4, KRTAP5-5, KRTAP5-6, KRTAP5-7, KRTAP5-8, KRTAP5-9, LAMTOR1, LAYN, LDHA, LDHAL6A, LDHC, LDLRAD3, LGALS12, LGR4, LIN7C, LINC00167, LINC00294, LINC00301, LIPT2, LMO1, LMO2, LOC100126784, LOC100128239, LOC100129216, LOC100130348, LOC100130987, LOC100132078, LOC100133161, LOC100133315, LOC100288077, LOC100288346, LOC100499227, LOC100500938, LOC100506233, LOC100506305, LOC100506368, LOC100506540, LOC100507050, LOC100507205, LOC100507300, LOC100507392, LOC100507401, LOC100526771, LOC100652768, LOC120824, LOC143666, LOC221122, LOC254100, LOC255512, LOC283104, LOC283116, LOC283143, LOC283174, LOC283194, LOC283214, LOC283299, LOC338651, LOC338739, LOC341056, LOC399939, LOC399940, LOC440028, LOC440040, LOC440041, LOC441601, LOC494141, LOC643037, LOC643733, LOC643923, LOC644656, LOC646813, LOC649133, LOC650368, LOC653486, LOC729013, LOC729799, LPXN, LRFN4, LRP4, LRP5, LRRC10B, LRRC32, LRRC4C, LRRC55, LRRC56, LRRN4CL, LRTOMT, LSP1, LTBP3, LUZP2, LYVE1, MACROD1, MADD, MALAT1, MAML2, MAP3K11, MAP4K2, MAP6, MAPK8IP1, MARK2, MCAM, MDK, ME3, MED17, MED19, MEN1, METTL12, METTL15, MFRP, MICAL2, MICALCL, MIR100, MIR100HG, MIR1237, MIR125B1, MIR1260B, MIR129-2, MIR1304, MIR130A, MIR1343, MIR139, MIR1908, MIR192, MIR194-2, MIR210, MIR210HG, MIR3160-1, MIR3160-2, MIR3162, MIR3165, MIR3167, MIR326, MIR34B, MIR34C, MIR3654, MIR3656, MIR3664, MIR3680-1, MIR3920, MIR3973, MIR4298, MIR4299, MIR4300, MIR4301, MIR4485, MIR4486, MIR4488, MIR4489, MIR4490, MIR4491, MIR4492, MIR4493, MIR4686, MIR4687, MIR4688, MIR4690, MIR4691, MIR4692, MIR4693, MIR4694, MIR4696, MIR4697, MIR483, MIR548K, MIR610, MIR611, MIR612, MIR670, MIR675, MIR708, MIRLET7A2, MLL, MMP1, MMP10, MMP12, MMP13, MMP20, MMP26, MMP27, MMP3, MMP7, MMP8, MOB2, MOGAT2, MPEG1, MPPED2, MPZL2, MPZL3, MRE11A, MRGPRD, MRGPRE, MRGPRF, MRGPRG, MRGPRX1, MRGPRX2, MRGPRX3, MRGPRX4, MRPL11, MRPL16, MRPL17, MRPL21, MRPL23, MRPL23-AS1, MRPL48, MRPL49, MRVI1, MRVI1-AS1, MS4A1, MS4A10, MS4A12, MS4A13, MS4A14, MS4A15, MS4A2, MS4A3, MS4A4A, MS4A5, MS4A6A, MS4A6E, MS4A7, MS4A8B, MTA2, MTCH2, MTL5, MTMR2, MTNR1B, MTRNR2L8, MUC15, MUC2, MUC5B, MUC6, MUS81, MYBPC3, MYEOV, MYO7A, MYOD1, NAA40, NAALAD2, NAALADL1, NADSYN1, NAP1L4, NARS2, NAT10, NAV2, NAV2-AS4, NCAM1, NCAPD3, NDUFC2, NDUFC2-KCTD14, NDUFS3, NDUFS8, NDUFV1, NEAT1, NELL1, NEU3, NFRKB, NLRP10, NLRP14, NLRP6, NLRX1, NNMT, NOX4, NPAS4, NPAT, NR1H3, NRGN, NRIP3, NRXN2, NS3BP, NTM, NUCB2, NUDT22, NUDT8, NUMA1, NUP160, NUP98, NXF1, OAF, ODF3, ODZ4, OLFML1, OMP, OPCML, OR10A2, OR10A3, OR10A4, OR10A5, OR10A6, OR10AG1, OR10G4, OR10G7, OR10G8, OR10G9, OR10Q1, OR10S1, OR10V1, OR10V2P, OR10W1, OR1S1, OR1S2, OR2AG1, OR2AG2, OR2AT4, OR2D2, OR2D3, OR4A15, OR4A16, OR4A47, OR4A5, OR4B1, OR4C11, OR4C12, OR4C13, OR4C15, OR4C16, OR4C3, OR4C45, OR4C46, OR4C6, OR4D10, OR4D11, OR4D5, OR4D6, OR4D9, OR4P4, OR4S1, OR4S2, OR4X1, OR4X2, OR51A2, OR51A4, OR51A7, OR51B2, OR51B4, OR51B5, OR51B6, OR51D1, OR51E1, OR51E2, OR51F1, OR51F2, OR51G1, OR51G2, OR51I1, OR51I2, OR51L1, OR51M1, OR51Q1, OR51S1, OR51T1, OR51V1, OR52A1, OR52A5, OR52B2, OR52B4, OR52B6, OR52D1, OR52E2, OR52E4, OR52E6, OR52E8, OR52H1, OR52I1, OR52I2, OR52J3, OR52K1, OR52K2, OR52L1, OR52M1, OR52N1, OR52N2, OR52N4, OR52N5, OR52R1, OR52W1, OR56A1, OR56A3, OR56A4, OR56A5, OR56B1, OR56B4, OR5A1, OR5A2, OR5AK2, OR5AK4P, OR5AN1, OR5AP2, OR5AR1, OR5AS1, OR5B12, OR5B17, OR5B2, OR5B21, OR5B3, OR5D13, OR5D14, OR5D16, OR5D18, OR5E1P, OR5F1, OR5I1, OR5J2, OR5L1, OR5L2, OR5M1, OR5M10, OR5M11, OR5M3, OR5M8, OR5M9, OR5P2, OR5P3, OR5R1, OR5T1, OR5T2, OR5T3, OR5W2, OR6A2, OR6M1, OR6Q1, OR6T1, OR6X1, OR7E12P, OR7E14P, OR7E2P, OR7E5P, OR8A1, OR8B12, OR8B2, OR8B3, OR8B4, OR8B8, OR8D1, OR8D2, OR8D4, OR8G1, OR8G2, OR8G5, OR8H1, OR8H2, OR8H3, OR8I2, OR8J1, OR8J3, OR8K1, OR8K3, OR8K5, OR8U1, OR8U8, OR9G1, OR9G4, OR9G9, OR9I1, OR9Q1, OR9Q2, ORAOV1, OSBP, OSBPL5, OTUB1, OVCH2, OVOL1, P2RX3, P2RY2, P2RY6, P4HA3, PAAF1, PACS1, PACSIN3, PAFAH1B2, PAK1, PAMR1, PANX1, PANX3, PARVA, PATE1, PATE2, PATE3, PATE4, PATL1, PAX6, PC, PCF11, PCNXL3, PCSK7, PDDC1, PDE2A, PDE3B, PDGFD, PDHX, PDZD3, PELI3, PEX16, PGA3, PGA4, PGA5, PGAP2, PGM2L1, PGR, PHF21A, PHLDA2, PHLDB1, PHOX2A, PHRF1, PICALM, PIDD, PIH1D2, PIK3C2A, PITPNM1, PIWIL4, PKNOX2, PKP3, PLA2G16, PLAC1L, PLCB3, PLEKHA7, PLEKHB1, PNPLA2, POLA2, POLD3, POLD4, POLR2G, POLR2L, POU2AF1, POU2F3, PPFIA1, PPFIBP2, PPME1, PPP1CA, PPP1R14B, PPP1R32, PPP2R1B, PPP2R5B, PPP6R3, PRCP, PRDM10, PRDM11, PRDX5, PRG2, PRG3, PRKCDBP, PRKRIR, PRMT3, PRPF19, PRR5L, PRRG4, PRSS23, PSMA1, PSMC3, PSMD13, PTDSS2, PTGDR2, PTH, PTPMT1, PTPN5, PTPRCAP, PTPRJ, PTS, PUS3, PVRL1, PYGM, QSER1, RAB1B, RAB30, RAB38, RAB39A, RAB3IL1, RAB6A, RAD9A, RAG1, RAG2, RAPSN, RARRES3, RASGRP2, RASSF10, RASSF7, RBM14, RBM14-RBM4, RBM4, RBM4B, RBM7, RBMXL2, RCE1, RCN1, RCOR2, RDX, RELA, RELT, REXO2, RHOD, RHOG, RIC3, RIC8A, RIN1, RNASEH2C, RNF121, RNF141, RNF169, RNF214, RNF26, RNH1, ROBO3, ROBO4, ROM1, RPL23AP64, RPL27A, RPLP0P2, RPLP2, RPS13, RPS25, RPS3, RPS6KA4, RPS6KB2, RPUSD4, RRAS2, RRM1, RRP8, RSF1, RTN3, RTN4RL2, SAA1, SAA2, SAA2-SAA4, SAA3P, SAA4, SAAL1, SAC3D1, SART1, SBF2, SC5DL, SCARNA9, SCGB1A1, SCGB1C1, SCGB1D1, SCGB1D2, SCGB1D4, SCGB2A1, SCGB2A2, SCN2B, SCN3B, SCN4B, SCT, SCUBE2, SCYL1, SDHAF2, SDHD, SERGEF, SERPING1, SERPINH1, SESN3, SF1, SF3B2, SHANK2, SIAE, SIDT2, SIGIRR, SIK2, SIK3, SIPA1, SIRT3, SLC15A3, SLC17A6, SLC1A2, SLC22A10, SLC22A11, SLC22A12, SLC22A18, SLC22A18AS, SLC22A20, SLC22A24, SLC22A25, SLC22A6, SLC22A8, SLC22A9, SLC25A22, SLC25A45, SLC29A2, SLC35C1, SLC35F2, SLC36A4, SLC37A2, SLC37A4, SLC39A13, SLC3A2, SLC43A1, SLC43A3, SLC5A12, SLC6A5, SLCO2B1, SLN, SMPD1, SMTNL1, SNHG1, SNORA1, SNORA18, SNORA23, SNORA25, SNORA3, SNORA32, SNORA40, SNORA45, SNORA52, SNORA54, SNORA57, SNORA70E, SNORA8, SNORD15A, SNORD15B, SNORD22, SNORD25, SNORD26, SNORD27, SNORD28, SNORD29, SNORD30, SNORD31, SNORD5, SNORD6, SNORD67, SNORD97, SNX15, SNX19, SNX32, SORL1, SOX6, SPA17, SPATA19, SPCS2, SPDYC, SPI1, SPON1, SPRYD5, SPTBN2, SPTY2D1, SRPR, SRSF8, SSH3, SSRP1, SSSCA1, ST14, ST3GAL4, ST5, STARD10, STIM1, STIP1, STK33, STT3A, STX3, STX5, SUV420H1, SVIP, SWAP70, SYT12, SYT13, SYT7, SYT8, SYT9, SYTL2, SYVN1, TAF10, TAF1D, TAF6L, TAGLN, TALDO1, TBC1D10C, TBCEL, TBRG1, TBX10, TCIRG1, TCN1, TCP11L1, TEAD1, TECTA, TEX12, TH, THRSP, THY1, THYN1, TIGD3, TIMM10, TIMM8B, TIRAP, TM7SF2, TMEM109, TMEM123, TMEM126A, TMEM126B, TMEM132A, TMEM133, TMEM134, TMEM135, TMEM136, TMEM138, TMEM151A, TMEM179B, TMEM216, TMEM218, TMEM223, TMEM225, TMEM25, TMEM41B, TMEM45B, TMEM80, TMEM86A, TMEM9B, TMPRSS13, TMPRSS4, TMPRSS5, TMX2, TMX2-CTNND1, TNKS1BP1, TNNI2, TNNT3, TOLLIP, TP53AIP1, TP53I11, TPCN2, TPH1, TPP1, TRAF6, TRAPPC4, TREH, TRIM21, TRIM22, TRIM29, TRIM3, TRIM34, TRIM44, TRIM48, TRIM49, TRIM49L1, TRIM49L2, TRIM5, TRIM53P, TRIM6, TRIM6-TRIM34, TRIM64, TRIM64B, TRIM64C, TRIM66, TRIM68, TRIM77P, TRIM78P, TRMT112, TRPC2, TRPC6, TRPM5, TRPT1, TSG101, TSGA10IP, TSKU, TSPAN18, TSPAN32, TSPAN4, TSSC4, TTC12, TTC17, TTC36, TTC9C, TUB, TUT1, TYR, UBASH3B, UBE2L6, UBE4A, UBQLN3, UBQLNL, UBTFL1, UBXN1, UCP2, UCP3, UEVLD, UNC93B1, UPK2, USH1C, USP2, USP28, USP35, USP47, UVRAG, VEGFB, VPS11, VPS26B, VPS37C, VSIG2, VSTM5, VWA5A, VWCE, WDR74, WEE1, WNT11, WT1, WT1-AS, XRRA1, YAP1, YIF1A, YPEL4, ZBED5, ZBTB16, ZBTB3, ZBTB44, ZC3H12C, ZDHHC13, ZDHHC24, ZDHHC5, ZFP91, ZFP91-CNTF, ZFPL1, ZNF143, ZNF195, ZNF202, ZNF214, ZNF215, ZNF259, ZNF408, ZNHIT2, ZP1, ZW10, hsa-mir-100, hsa-mir-1237, hsa-mir-1260b, hsa-mir-1261, hsa-mir-129-2, hsa-mir-1304, hsa-mir-130a, hsa-mir-139, hsa-mir-1908, hsa-mir-194-2, hsa-mir-210, hsa-mir-302e, hsa-mir-3159, hsa-mir-3160-2, hsa-mir-3161, hsa-mir-3162, hsa-mir-3163, hsa-mir-3164, hsa-mir-3165, hsa-mir-3166, hsa-mir-3167, hsa-mir-326, hsa-mir-34c, hsa-mir-4298, hsa-mir-4299, hsa-mir-4300, hsa-mir-4301, hsa-mir-483, hsa-mir-548k, hsa-mir-548l, hsa-mir-610, hsa-mir-612, hsa-mir-675, hsa-mir-708","Ewing's Sarcoma","Primary"
"16p13.3","Del","chr16:1-90354753",0.064013,4,17,967,"AARS, ABAT, ABCA17P, ABCA3, ABCC1, ABCC11, ABCC12, ABCC6, ABCC6P1, ABCC6P2, ACD, ACSF3, ACSM1, ACSM2A, ACSM2B, ACSM3, ACSM5, ADAD2, ADAMTS18, ADAT1, ADCY7, ADCY9, AFG3L1P, AGRP, AHSP, AKTIP, ALDOA, ALG1, AMDHD2, AMFR, ANKRD11, ANKRD26P1, ANKS3, ANKS4B, AP1G1, APOBR, APRT, AQP8, ARHGAP17, ARHGDIG, ARL2BP, ARL6IP1, ARMC5, ASPHD1, ATF7IP2, ATMIN, ATP2A1, ATP2C2, ATP6V0C, ATP6V0D1, ATXN1L, ATXN2L, AXIN1, B3GNT9, BAIAP3, BANP, BBS2, BCAR1, BCAR4, BCKDK, BCL7C, BCMO1, BEAN1, BFAR, BOLA2, BOLA2B, BRD7, C16orf11, C16orf13, C16orf3, C16orf42, C16orf45, C16orf46, C16orf48, C16orf5, C16orf52, C16orf53, C16orf54, C16orf55, C16orf57, C16orf58, C16orf59, C16orf61, C16orf62, C16orf7, C16orf70, C16orf71, C16orf72, C16orf73, C16orf74, C16orf78, C16orf79, C16orf80, C16orf82, C16orf86, C16orf87, C16orf88, C16orf89, C16orf90, C16orf91, C16orf92, C16orf93, C16orf95, C16orf96, C1QTNF8, CA5A, CA7, CACNA1H, CACNG3, CALB2, CAPNS2, CARHSP1, CASKIN1, CBFA2T3, CBFB, CBLN1, CCDC101, CCDC102A, CCDC113, CCDC135, CCDC154, CCDC64B, CCDC78, CCDC79, CCL17, CCL22, CCNF, CCP110, CD19, CD2BP2, CDH1, CDH11, CDH13, CDH15, CDH16, CDH3, CDH5, CDH8, CDIPT, CDK10, CDR2, CDT1, CDYL2, CEMP1, CENPBD1, CENPN, CENPT, CES1, CES1P1, CES1P2, CES2, CES3, CES4A, CES5A, CETP, CFDP1, CHD9, CHMP1A, CHP2, CHST4, CHST5, CHST6, CHTF18, CHTF8, CIAPIN1, CIITA, CIRH1A, CKLF, CKLF-CMTM1, CLCN7, CLDN6, CLDN9, CLEC16A, CLEC18A, CLEC18B, CLEC18C, CLEC3A, CLN3, CLUAP1, CMIP, CMTM1, CMTM2, CMTM3, CMTM4, CNEP1R1, CNGB1, CNOT1, CNTNAP4, COG4, COG7, COG8, COQ7, COQ9, CORO1A, CORO7, CORO7-PAM16, COTL1, COX4I1, COX4NB, COX6A2, CPNE2, CPNE7, CPPED1, CRAMP1L, CREBBP, CRISPLD2, CRNDE, CRYM, CRYM-AS1, CSDAP1, CSNK2A2, CTCF, CTF1, CTRB1, CTRB2, CTRL, CTU2, CX3CL1, CYB5B, CYBA, CYLD, DBNDD1, DCTN5, DCTPP1, DCUN1D3, DDX11L10, DDX19A, DDX19B, DDX28, DECR2, DEF8, DEXI, DHODH, DHX38, DKFZP434H168, DNAAF1, DNAH3, DNAJA2, DNAJA3, DNASE1, DNASE1L2, DOC2A, DOK4, DPEP1, DPEP2, DPEP3, DUS2L, DYNC1LI2, DYNLRB2, E2F4, E4F1, EARS2, ECI1, EDC4, EEF2K, EIF3C, EIF3CL, ELMO3, EME2, EMP2, ERCC4, ERI2, ERN2, ERVK13-1, ESRP2, EXOC3L1, EXOSC6, FA2H, FAHD1, FAM100A, FAM173A, FAM18A, FAM192A, FAM195A, FAM57B, FAM65A, FAM86A, FAM92B, FAM96B, FANCA, FBRS, FBXL16, FBXL19, FBXL19-AS1, FBXL8, FBXO31, FHOD1, FLJ21408, FLJ26245, FLJ30679, FLJ39639, FLJ42627, FLYWCH1, FLYWCH2, FOPNL, FOXC2, FOXF1, FOXL1, FTO, FTSJD1, FUK, FUS, GABARAPL2, GALNS, GAN, GAS8, GCSH, GDE1, GDPD3, GFER, GFOD2, GGA2, GINS2, GINS3, GLG1, GLIS2, GLYR1, GNAO1, GNG13, GNPTG, GOT2, GP2, GPR114, GPR139, GPR56, GPR97, GPRC5B, GPT2, GRIN2A, GSG1L, GSPT1, GTF3C1, HAGH, HAGHL, HAS3, HBA1, HBA2, HBM, HBQ1, HBZ, HCFC1R1, HEATR3, HERC2P4, HERPUD1, HIRIP3, HMOX2, HN1L, HP, HPR, HS3ST2, HS3ST4, HS3ST6, HSBP1, HSD11B2, HSD17B2, HSD3B7, HSDL1, HSF4, HTA, HYDIN, IFT140, IGFALS, IGSF6, IL17C, IL21R, IL27, IL32, IL34, IL4R, INO80E, IQCK, IRF8, IRX3, IRX5, IRX6, IST1, ITFG1, ITFG3, ITGAD, ITGAL, ITGAM, ITGAX, ITPRIPL2, JMJD5, JMJD8, JPH3, KARS, KAT8, KATNB1, KCNG4, KCTD13, KCTD19, KCTD5, KIAA0182, KIAA0430, KIAA0513, KIAA0556, KIAA0664L3, KIAA0895L, KIAA1609, KIF22, KIFC3, KLHDC4, KLHL36, KREMEN2, LAT, LCAT, LCMT1, LDHD, LINC00235, LINC00254, LINC00273, LINC00304, LINC00311, LINC00514, LITAF, LMF1, LOC100128788, LOC100128881, LOC100129617, LOC100130015, LOC100130700, LOC100130894, LOC100132247, LOC100134368, LOC100190986, LOC100271836, LOC100287036, LOC100289092, LOC100505619, LOC100505865, LOC100506083, LOC100506172, LOC100506655, LOC100507501, LOC100507577, LOC100507589, LOC146336, LOC146481, LOC146513, LOC283856, LOC283867, LOC283888, LOC283914, LOC283922, LOC388242, LOC388276, LOC390705, LOC400548, LOC400550, LOC400558, LOC440335, LOC440354, LOC440356, LOC554206, LOC595101, LOC606724, LOC613037, LOC613038, LOC641298, LOC643714, LOC643802, LOC644649, LOC652276, LOC653786, LOC727710, LOC729264, LOC729513, LOC732275, LOC81691, LONP2, LPCAT2, LRRC29, LRRC36, LUC7L, LYRM1, MAF, MAP1LC3B, MAPK3, MAPK8IP3, MARVELD3, MAZ, MBTPS1, MC1R, MEFV, METRN, METTL22, METTL9, MGC23284, MGC3771, MGRN1, MIR1225, MIR138-2, MIR140, MIR1538, MIR1910, MIR193B, MIR1972-1, MIR1972-2, MIR3176, MIR3177, MIR3178, MIR3179-1, MIR3179-2, MIR3179-3, MIR3180-1, MIR3180-2, MIR3180-3, MIR3180-4, MIR3180-5, MIR3182, MIR328, MIR365A, MIR3677, MIR3935, MIR4516, MIR4517, MIR4518, MIR4519, MIR4717, MIR4718, MIR4719, MIR4720, MIR4721, MIR4722, MIR484, MIR548AA2, MIR548AE2, MIR548D2, MIR548X, MIR662, MIR762, MIR940, MKL2, MLKL, MLST8, MLYCD, MMP15, MMP2, MMP25, MON1B, MPG, MPHOSPH6, MPV17L, MRPL28, MRPS34, MSLN, MSLNL, MT1A, MT1B, MT1DP, MT1E, MT1F, MT1G, MT1H, MT1IP, MT1JP, MT1L, MT1M, MT1X, MT2A, MT3, MT4, MTHFSD, MTRNR2L4, MTSS1L, MVD, MVP, MYH11, MYLK3, MYLPF, N4BP1, NAA60, NAE1, NAGPA, NARFL, NDE1, NDRG4, NDUFAB1, NDUFB10, NECAB2, NETO2, NFAT5, NFATC2IP, NFATC3, NHLRC4, NIP7, NKD1, NLRC3, NLRC5, NME3, NME4, NMRAL1, NOB1, NOD2, NOL3, NOMO1, NOMO2, NOMO3, NOXO1, NPIP, NPIPL3, NPRL3, NPW, NQO1, NRN1L, NSMCE1, NTAN1, NTHL1, NTN3, NUBP1, NUBP2, NUDT16L1, NUDT21, NUDT7, NUP93, NUPR1, NUTF2, OGFOD1, OR1F1, OR1F2P, OR2C1, ORAI3, ORC6, OSGIN1, OTOA, PABPN1L, PALB2, PAM16, PAPD5, PAQR4, PARD6A, PARN, PDF, PDIA2, PDILT, PDP2, PDPK1, PDPR, PDXDC1, PDXDC2P, PDZD9, PGP, PHKB, PHKG2, PHLPP2, PIEZO1, PIGQ, PKD1, PKD1L2, PKD1L3, PKD1P1, PKMYT1, PLA2G10, PLA2G15, PLCG2, PLEKHG4, PLK1, PLLP, PMFBP1, PMM2, POLR2C, POLR3E, POLR3K, PPL, PPP4C, PRDM7, PRKCB, PRM1, PRM2, PRM3, PRMT7, PRR14, PRR25, PRRT2, PRSS21, PRSS22, PRSS27, PRSS30P, PRSS33, PRSS36, PRSS41, PRSS53, PRSS54, PRSS8, PSKH1, PSMB10, PSMD7, PTX4, PYCARD, PYDC1, QPRT, RAB11FIP3, RAB26, RAB40C, RABEP2, RANBP10, RBBP6, RBFOX1, RBL2, RFWD3, RGS11, RHBDF1, RHBDL1, RHOT2, RLTPR, RMI2, RNF151, RNF166, RNF40, RNPS1, ROGDI, RPGRIP1L, RPL13, RPL3L, RPS15A, RPS2, RPUSD1, RRAD, RRN3, RRN3P1, RRN3P2, RRN3P3, RSL1D1, RSPRY1, SALL1, SBK1, SCNN1B, SCNN1G, SDR42E1, SEC14L5, SEPHS2, SEPT1, SEPT12, SEPX1, SETD1A, SETD6, SEZ6L2, SF3B3, SH2B1, SHCBP1, SHISA9, SIAH1, SLC12A3, SLC12A4, SLC22A31, SLC38A7, SLC38A8, SLC5A11, SLC5A2, SLC6A10P, SLC6A2, SLC7A5, SLC7A5P1, SLC7A5P2, SLC7A6, SLC7A6OS, SLC9A3R2, SLC9A5, SLX1A, SLX1A-SULT1A3, SLX1B, SLX1B-SULT1A4, SLX4, SMG1, SMPD3, SNAI3, SNHG9, SNN, SNORA10, SNORA30, SNORA46, SNORA50, SNORA64, SNORA70D, SNORA78, SNORD111, SNORD111B, SNORD60, SNORD68, SNORD71, SNRNP25, SNTB2, SNX20, SNX29, SNX29P1, SNX29P2, SOCS1, SOLH, SOX8, SPATA2L, SPG7, SPIRE2, SPN, SPNS1, SPSB3, SRCAP, SRL, SRRM2, SSTR5, ST3GAL2, STUB1, STX1B, STX4, SULT1A1, SULT1A2, SULT1A3, SULT1A4, SYCE1L, SYNGR3, SYT17, TAF1C, TAOK2, TAT, TBC1D10B, TBC1D24, TBL3, TBX6, TCEB2, TCF25, TEKT5, TELO2, TEPP, TERF2, TERF2IP, TFAP4, TGFB1I1, THAP11, THOC6, THUMPD1, TIGD7, TK2, TMC5, TMC7, TMCO7, TMED6, TMEM114, TMEM159, TMEM170A, TMEM186, TMEM204, TMEM208, TMEM219, TMEM231, TMEM8A, TNFRSF12A, TNFRSF17, TNP2, TNRC6A, TOX3, TP53TG3, TP53TG3B, TP53TG3C, TPPP3, TPSAB1, TPSB2, TPSD1, TPSG1, TRADD, TRAF7, TRAP1, TRAPPC2L, TRIM72, TSC2, TSNAXIP1, TUBB3, TUFM, TXNDC11, TXNL4B, UBE2I, UBE2MP1, UBFD1, UBN1, UMOD, UNKL, UQCRC2, USP10, USP31, USP7, VAC14, VASN, VAT1L, VKORC1, VPS35, VPS4A, VWA3A, WDR24, WDR59, WDR90, WFDC1, WFIKKN1, WWOX, WWP2, XPO6, XYLT1, YPEL3, ZC3H18, ZC3H7A, ZCCHC14, ZDHHC1, ZDHHC7, ZFHX3, ZFP1, ZFP90, ZFPM1, ZG16, ZG16B, ZKSCAN2, ZNF174, ZNF19, ZNF200, ZNF205, ZNF213, ZNF23, ZNF263, ZNF267, ZNF276, ZNF319, ZNF423, ZNF434, ZNF469, ZNF48, ZNF500, ZNF597, ZNF598, ZNF629, ZNF646, ZNF668, ZNF688, ZNF689, ZNF720, ZNF747, ZNF75A, ZNF764, ZNF768, ZNF771, ZNF778, ZNF785, ZNF821, ZNF843, ZNRF1, ZP2, ZSCAN10, hsa-mir-1225, hsa-mir-138-2, hsa-mir-140, hsa-mir-1538, hsa-mir-1826, hsa-mir-1910, hsa-mir-1972-1, hsa-mir-1972-2, hsa-mir-3176, hsa-mir-3177, hsa-mir-3178, hsa-mir-3179-3, hsa-mir-3180-1, hsa-mir-3180-2, hsa-mir-3181, hsa-mir-3182, hsa-mir-328, hsa-mir-365-1, hsa-mir-484, hsa-mir-548h-2, hsa-mir-548w, hsa-mir-662, hsa-mir-762, hsa-mir-940","Ewing's Sarcoma","Primary"
"16p13.3","Del","chr16:1-81267717",0.064013,4,17,855,"AARS, ABAT, ABCA17P, ABCA3, ABCC1, ABCC11, ABCC12, ABCC6, ABCC6P1, ABCC6P2, ACD, ACSM1, ACSM2A, ACSM2B, ACSM3, ACSM5, ADAMTS18, ADAT1, ADCY7, ADCY9, AGRP, AHSP, AKTIP, ALDOA, ALG1, AMDHD2, AMFR, ANKRD26P1, ANKS3, ANKS4B, AP1G1, APOBR, AQP8, ARHGAP17, ARHGDIG, ARL2BP, ARL6IP1, ARMC5, ASPHD1, ATF7IP2, ATMIN, ATP2A1, ATP6V0C, ATP6V0D1, ATXN1L, ATXN2L, AXIN1, B3GNT9, BAIAP3, BBS2, BCAR1, BCAR4, BCKDK, BCL7C, BEAN1, BFAR, BOLA2, BOLA2B, BRD7, C16orf11, C16orf13, C16orf42, C16orf45, C16orf46, C16orf48, C16orf5, C16orf52, C16orf53, C16orf54, C16orf57, C16orf58, C16orf59, C16orf61, C16orf62, C16orf70, C16orf71, C16orf72, C16orf73, C16orf78, C16orf79, C16orf80, C16orf82, C16orf86, C16orf87, C16orf88, C16orf89, C16orf90, C16orf91, C16orf92, C16orf93, C16orf96, C1QTNF8, CA7, CACNA1H, CACNG3, CALB2, CAPNS2, CARHSP1, CASKIN1, CBFB, CBLN1, CCDC101, CCDC102A, CCDC113, CCDC135, CCDC154, CCDC64B, CCDC78, CCDC79, CCL17, CCL22, CCNF, CCP110, CD19, CD2BP2, CDH1, CDH11, CDH16, CDH3, CDH5, CDH8, CDIPT, CDR2, CDYL2, CEMP1, CENPN, CENPT, CES1, CES1P1, CES1P2, CES2, CES3, CES4A, CES5A, CETP, CFDP1, CHD9, CHP2, CHST4, CHST5, CHST6, CHTF18, CHTF8, CIAPIN1, CIITA, CIRH1A, CKLF, CKLF-CMTM1, CLCN7, CLDN6, CLDN9, CLEC16A, CLEC18A, CLEC18B, CLEC18C, CLEC3A, CLN3, CLUAP1, CMTM1, CMTM2, CMTM3, CMTM4, CNEP1R1, CNGB1, CNOT1, CNTNAP4, COG4, COG7, COG8, COQ7, COQ9, CORO1A, CORO7, CORO7-PAM16, COX6A2, CPNE2, CPPED1, CRAMP1L, CREBBP, CRNDE, CRYM, CRYM-AS1, CSDAP1, CSNK2A2, CTCF, CTF1, CTRB1, CTRB2, CTRL, CX3CL1, CYB5B, CYLD, DCTN5, DCTPP1, DCUN1D3, DDX11L10, DDX19A, DDX19B, DDX28, DECR2, DEXI, DHODH, DHX38, DKFZP434H168, DNAH3, DNAJA2, DNAJA3, DNASE1, DNASE1L2, DOC2A, DOK4, DPEP2, DPEP3, DUS2L, DYNC1LI2, DYNLRB2, E2F4, E4F1, EARS2, ECI1, EDC4, EEF2K, EIF3C, EIF3CL, ELMO3, EME2, EMP2, ERCC4, ERI2, ERN2, ERVK13-1, ESRP2, EXOC3L1, EXOSC6, FA2H, FAHD1, FAM100A, FAM173A, FAM18A, FAM192A, FAM195A, FAM57B, FAM65A, FAM86A, FAM96B, FBRS, FBXL16, FBXL19, FBXL19-AS1, FBXL8, FHOD1, FLJ21408, FLJ26245, FLJ39639, FLJ42627, FLYWCH1, FLYWCH2, FOPNL, FTO, FTSJD1, FUK, FUS, GABARAPL2, GCSH, GDE1, GDPD3, GFER, GFOD2, GGA2, GINS3, GLG1, GLIS2, GLYR1, GNAO1, GNG13, GNPTG, GOT2, GP2, GPR114, GPR139, GPR56, GPR97, GPRC5B, GPT2, GRIN2A, GSG1L, GSPT1, GTF3C1, HAGH, HAGHL, HAS3, HBA1, HBA2, HBM, HBQ1, HBZ, HCFC1R1, HEATR3, HERC2P4, HERPUD1, HIRIP3, HMOX2, HN1L, HP, HPR, HS3ST2, HS3ST4, HS3ST6, HSD11B2, HSD3B7, HSF4, HTA, HYDIN, IFT140, IGFALS, IGSF6, IL21R, IL27, IL32, IL34, IL4R, INO80E, IQCK, IRX3, IRX5, IRX6, IST1, ITFG1, ITFG3, ITGAD, ITGAL, ITGAM, ITGAX, ITPRIPL2, JMJD5, JMJD8, KARS, KAT8, KATNB1, KCTD13, KCTD19, KCTD5, KIAA0430, KIAA0556, KIAA0664L3, KIAA0895L, KIF22, KIFC3, KREMEN2, LAT, LCAT, LCMT1, LDHD, LINC00235, LINC00254, LINC00273, LINC00514, LITAF, LMF1, LOC100128788, LOC100130700, LOC100130894, LOC100132247, LOC100134368, LOC100190986, LOC100271836, LOC100289092, LOC100505619, LOC100505865, LOC100506083, LOC100506172, LOC100506655, LOC100507501, LOC100507577, LOC100507589, LOC146336, LOC146481, LOC283856, LOC283867, LOC283888, LOC283914, LOC283922, LOC388242, LOC388276, LOC390705, LOC440335, LOC440354, LOC440356, LOC554206, LOC595101, LOC606724, LOC613037, LOC613038, LOC641298, LOC643714, LOC643802, LOC644649, LOC652276, LOC653786, LOC729264, LOC729513, LOC81691, LONP2, LPCAT2, LRRC29, LRRC36, LUC7L, LYRM1, MAF, MAPK3, MAPK8IP3, MARVELD3, MAZ, MEFV, METRN, METTL22, METTL9, MGC3771, MGRN1, MIR1225, MIR138-2, MIR140, MIR1538, MIR193B, MIR1972-1, MIR1972-2, MIR3176, MIR3177, MIR3178, MIR3179-1, MIR3179-2, MIR3179-3, MIR3180-1, MIR3180-2, MIR3180-3, MIR3180-4, MIR3180-5, MIR328, MIR365A, MIR3677, MIR3935, MIR4516, MIR4517, MIR4518, MIR4519, MIR4717, MIR4718, MIR4719, MIR4721, MIR484, MIR548AA2, MIR548AE2, MIR548D2, MIR548X, MIR662, MIR762, MIR940, MKL2, MLKL, MLST8, MMP15, MMP2, MMP25, MON1B, MPG, MPV17L, MRPL28, MRPS34, MSLN, MSLNL, MT1A, MT1B, MT1DP, MT1E, MT1F, MT1G, MT1H, MT1IP, MT1JP, MT1L, MT1M, MT1X, MT2A, MT3, MT4, MTRNR2L4, MTSS1L, MVP, MYH11, MYLK3, MYLPF, N4BP1, NAA60, NAE1, NAGPA, NARFL, NDE1, NDRG4, NDUFAB1, NDUFB10, NETO2, NFAT5, NFATC2IP, NFATC3, NHLRC4, NIP7, NKD1, NLRC3, NLRC5, NME3, NME4, NMRAL1, NOB1, NOD2, NOL3, NOMO1, NOMO2, NOMO3, NOXO1, NPIP, NPIPL3, NPRL3, NPW, NQO1, NRN1L, NSMCE1, NTAN1, NTHL1, NTN3, NUBP1, NUBP2, NUDT16L1, NUDT21, NUDT7, NUP93, NUPR1, NUTF2, OGFOD1, OR1F1, OR1F2P, OR2C1, ORAI3, ORC6, OTOA, PALB2, PAM16, PAPD5, PAQR4, PARD6A, PARN, PDF, PDIA2, PDILT, PDP2, PDPK1, PDPR, PDXDC1, PDXDC2P, PDZD9, PGP, PHKB, PHKG2, PHLPP2, PIGQ, PKD1, PKD1L2, PKD1L3, PKD1P1, PKMYT1, PLA2G10, PLA2G15, PLEKHG4, PLK1, PLLP, PMFBP1, PMM2, POLR2C, POLR3E, POLR3K, PPL, PPP4C, PRKCB, PRM1, PRM2, PRM3, PRMT7, PRR14, PRR25, PRRT2, PRSS21, PRSS22, PRSS27, PRSS30P, PRSS33, PRSS36, PRSS41, PRSS53, PRSS54, PRSS8, PSKH1, PSMB10, PSMD7, PTX4, PYCARD, PYDC1, QPRT, RAB11FIP3, RAB26, RAB40C, RABEP2, RANBP10, RBBP6, RBFOX1, RBL2, RFWD3, RGS11, RHBDF1, RHBDL1, RHOT2, RLTPR, RMI2, RNF151, RNF40, RNPS1, ROGDI, RPGRIP1L, RPL3L, RPS15A, RPS2, RPUSD1, RRAD, RRN3, RRN3P1, RRN3P2, RRN3P3, RSL1D1, RSPRY1, SALL1, SBK1, SCNN1B, SCNN1G, SEC14L5, SEPHS2, SEPT1, SEPT12, SEPX1, SETD1A, SETD6, SEZ6L2, SF3B3, SH2B1, SHCBP1, SHISA9, SIAH1, SLC12A3, SLC12A4, SLC38A7, SLC5A11, SLC5A2, SLC6A10P, SLC6A2, SLC7A5P1, SLC7A5P2, SLC7A6, SLC7A6OS, SLC9A3R2, SLC9A5, SLX1A, SLX1A-SULT1A3, SLX1B, SLX1B-SULT1A4, SLX4, SMG1, SMPD3, SNHG9, SNN, SNORA10, SNORA30, SNORA46, SNORA50, SNORA64, SNORA70D, SNORA78, SNORD111, SNORD111B, SNORD60, SNORD71, SNRNP25, SNTB2, SNX20, SNX29, SNX29P1, SNX29P2, SOCS1, SOLH, SOX8, SPN, SPNS1, SPSB3, SRCAP, SRL, SRRM2, SSTR5, ST3GAL2, STUB1, STX1B, STX4, SULT1A1, SULT1A2, SULT1A3, SULT1A4, SYCE1L, SYNGR3, SYT17, TAOK2, TAT, TBC1D10B, TBC1D24, TBL3, TBX6, TCEB2, TEKT5, TELO2, TEPP, TERF2, TERF2IP, TFAP4, TGFB1I1, THAP11, THOC6, THUMPD1, TIGD7, TK2, TMC5, TMC7, TMCO7, TMED6, TMEM114, TMEM159, TMEM170A, TMEM186, TMEM204, TMEM208, TMEM219, TMEM231, TMEM8A, TNFRSF12A, TNFRSF17, TNP2, TNRC6A, TOX3, TP53TG3, TP53TG3B, TP53TG3C, TPPP3, TPSAB1, TPSB2, TPSD1, TPSG1, TRADD, TRAF7, TRAP1, TRIM72, TSC2, TSNAXIP1, TUFM, TXNDC11, TXNL4B, UBE2I, UBE2MP1, UBFD1, UBN1, UMOD, UNKL, UQCRC2, USP31, USP7, VAC14, VASN, VAT1L, VKORC1, VPS35, VPS4A, VWA3A, WDR24, WDR59, WDR90, WFIKKN1, WWOX, WWP2, XPO6, XYLT1, YPEL3, ZC3H7A, ZDHHC1, ZFHX3, ZFP1, ZFP90, ZG16, ZG16B, ZKSCAN2, ZNF174, ZNF19, ZNF200, ZNF205, ZNF213, ZNF23, ZNF263, ZNF267, ZNF319, ZNF423, ZNF434, ZNF48, ZNF500, ZNF597, ZNF598, ZNF629, ZNF646, ZNF668, ZNF688, ZNF689, ZNF720, ZNF747, ZNF75A, ZNF764, ZNF768, ZNF771, ZNF785, ZNF821, ZNF843, ZNRF1, ZP2, ZSCAN10, hsa-mir-1225, hsa-mir-138-2, hsa-mir-140, hsa-mir-1538, hsa-mir-1826, hsa-mir-1972-1, hsa-mir-1972-2, hsa-mir-3176, hsa-mir-3177, hsa-mir-3178, hsa-mir-3179-3, hsa-mir-3180-1, hsa-mir-3180-2, hsa-mir-3181, hsa-mir-328, hsa-mir-365-1, hsa-mir-484, hsa-mir-548h-2, hsa-mir-548w, hsa-mir-662, hsa-mir-762, hsa-mir-940","Ewing's Sarcoma","Primary"
"16q24.3","Del","chr16:1-90354753",0.064013,7,17,967,"AARS, ABAT, ABCA17P, ABCA3, ABCC1, ABCC11, ABCC12, ABCC6, ABCC6P1, ABCC6P2, ACD, ACSF3, ACSM1, ACSM2A, ACSM2B, ACSM3, ACSM5, ADAD2, ADAMTS18, ADAT1, ADCY7, ADCY9, AFG3L1P, AGRP, AHSP, AKTIP, ALDOA, ALG1, AMDHD2, AMFR, ANKRD11, ANKRD26P1, ANKS3, ANKS4B, AP1G1, APOBR, APRT, AQP8, ARHGAP17, ARHGDIG, ARL2BP, ARL6IP1, ARMC5, ASPHD1, ATF7IP2, ATMIN, ATP2A1, ATP2C2, ATP6V0C, ATP6V0D1, ATXN1L, ATXN2L, AXIN1, B3GNT9, BAIAP3, BANP, BBS2, BCAR1, BCAR4, BCKDK, BCL7C, BCMO1, BEAN1, BFAR, BOLA2, BOLA2B, BRD7, C16orf11, C16orf13, C16orf3, C16orf42, C16orf45, C16orf46, C16orf48, C16orf5, C16orf52, C16orf53, C16orf54, C16orf55, C16orf57, C16orf58, C16orf59, C16orf61, C16orf62, C16orf7, C16orf70, C16orf71, C16orf72, C16orf73, C16orf74, C16orf78, C16orf79, C16orf80, C16orf82, C16orf86, C16orf87, C16orf88, C16orf89, C16orf90, C16orf91, C16orf92, C16orf93, C16orf95, C16orf96, C1QTNF8, CA5A, CA7, CACNA1H, CACNG3, CALB2, CAPNS2, CARHSP1, CASKIN1, CBFA2T3, CBFB, CBLN1, CCDC101, CCDC102A, CCDC113, CCDC135, CCDC154, CCDC64B, CCDC78, CCDC79, CCL17, CCL22, CCNF, CCP110, CD19, CD2BP2, CDH1, CDH11, CDH13, CDH15, CDH16, CDH3, CDH5, CDH8, CDIPT, CDK10, CDR2, CDT1, CDYL2, CEMP1, CENPBD1, CENPN, CENPT, CES1, CES1P1, CES1P2, CES2, CES3, CES4A, CES5A, CETP, CFDP1, CHD9, CHMP1A, CHP2, CHST4, CHST5, CHST6, CHTF18, CHTF8, CIAPIN1, CIITA, CIRH1A, CKLF, CKLF-CMTM1, CLCN7, CLDN6, CLDN9, CLEC16A, CLEC18A, CLEC18B, CLEC18C, CLEC3A, CLN3, CLUAP1, CMIP, CMTM1, CMTM2, CMTM3, CMTM4, CNEP1R1, CNGB1, CNOT1, CNTNAP4, COG4, COG7, COG8, COQ7, COQ9, CORO1A, CORO7, CORO7-PAM16, COTL1, COX4I1, COX4NB, COX6A2, CPNE2, CPNE7, CPPED1, CRAMP1L, CREBBP, CRISPLD2, CRNDE, CRYM, CRYM-AS1, CSDAP1, CSNK2A2, CTCF, CTF1, CTRB1, CTRB2, CTRL, CTU2, CX3CL1, CYB5B, CYBA, CYLD, DBNDD1, DCTN5, DCTPP1, DCUN1D3, DDX11L10, DDX19A, DDX19B, DDX28, DECR2, DEF8, DEXI, DHODH, DHX38, DKFZP434H168, DNAAF1, DNAH3, DNAJA2, DNAJA3, DNASE1, DNASE1L2, DOC2A, DOK4, DPEP1, DPEP2, DPEP3, DUS2L, DYNC1LI2, DYNLRB2, E2F4, E4F1, EARS2, ECI1, EDC4, EEF2K, EIF3C, EIF3CL, ELMO3, EME2, EMP2, ERCC4, ERI2, ERN2, ERVK13-1, ESRP2, EXOC3L1, EXOSC6, FA2H, FAHD1, FAM100A, FAM173A, FAM18A, FAM192A, FAM195A, FAM57B, FAM65A, FAM86A, FAM92B, FAM96B, FANCA, FBRS, FBXL16, FBXL19, FBXL19-AS1, FBXL8, FBXO31, FHOD1, FLJ21408, FLJ26245, FLJ30679, FLJ39639, FLJ42627, FLYWCH1, FLYWCH2, FOPNL, FOXC2, FOXF1, FOXL1, FTO, FTSJD1, FUK, FUS, GABARAPL2, GALNS, GAN, GAS8, GCSH, GDE1, GDPD3, GFER, GFOD2, GGA2, GINS2, GINS3, GLG1, GLIS2, GLYR1, GNAO1, GNG13, GNPTG, GOT2, GP2, GPR114, GPR139, GPR56, GPR97, GPRC5B, GPT2, GRIN2A, GSG1L, GSPT1, GTF3C1, HAGH, HAGHL, HAS3, HBA1, HBA2, HBM, HBQ1, HBZ, HCFC1R1, HEATR3, HERC2P4, HERPUD1, HIRIP3, HMOX2, HN1L, HP, HPR, HS3ST2, HS3ST4, HS3ST6, HSBP1, HSD11B2, HSD17B2, HSD3B7, HSDL1, HSF4, HTA, HYDIN, IFT140, IGFALS, IGSF6, IL17C, IL21R, IL27, IL32, IL34, IL4R, INO80E, IQCK, IRF8, IRX3, IRX5, IRX6, IST1, ITFG1, ITFG3, ITGAD, ITGAL, ITGAM, ITGAX, ITPRIPL2, JMJD5, JMJD8, JPH3, KARS, KAT8, KATNB1, KCNG4, KCTD13, KCTD19, KCTD5, KIAA0182, KIAA0430, KIAA0513, KIAA0556, KIAA0664L3, KIAA0895L, KIAA1609, KIF22, KIFC3, KLHDC4, KLHL36, KREMEN2, LAT, LCAT, LCMT1, LDHD, LINC00235, LINC00254, LINC00273, LINC00304, LINC00311, LINC00514, LITAF, LMF1, LOC100128788, LOC100128881, LOC100129617, LOC100130015, LOC100130700, LOC100130894, LOC100132247, LOC100134368, LOC100190986, LOC100271836, LOC100287036, LOC100289092, LOC100505619, LOC100505865, LOC100506083, LOC100506172, LOC100506655, LOC100507501, LOC100507577, LOC100507589, LOC146336, LOC146481, LOC146513, LOC283856, LOC283867, LOC283888, LOC283914, LOC283922, LOC388242, LOC388276, LOC390705, LOC400548, LOC400550, LOC400558, LOC440335, LOC440354, LOC440356, LOC554206, LOC595101, LOC606724, LOC613037, LOC613038, LOC641298, LOC643714, LOC643802, LOC644649, LOC652276, LOC653786, LOC727710, LOC729264, LOC729513, LOC732275, LOC81691, LONP2, LPCAT2, LRRC29, LRRC36, LUC7L, LYRM1, MAF, MAP1LC3B, MAPK3, MAPK8IP3, MARVELD3, MAZ, MBTPS1, MC1R, MEFV, METRN, METTL22, METTL9, MGC23284, MGC3771, MGRN1, MIR1225, MIR138-2, MIR140, MIR1538, MIR1910, MIR193B, MIR1972-1, MIR1972-2, MIR3176, MIR3177, MIR3178, MIR3179-1, MIR3179-2, MIR3179-3, MIR3180-1, MIR3180-2, MIR3180-3, MIR3180-4, MIR3180-5, MIR3182, MIR328, MIR365A, MIR3677, MIR3935, MIR4516, MIR4517, MIR4518, MIR4519, MIR4717, MIR4718, MIR4719, MIR4720, MIR4721, MIR4722, MIR484, MIR548AA2, MIR548AE2, MIR548D2, MIR548X, MIR662, MIR762, MIR940, MKL2, MLKL, MLST8, MLYCD, MMP15, MMP2, MMP25, MON1B, MPG, MPHOSPH6, MPV17L, MRPL28, MRPS34, MSLN, MSLNL, MT1A, MT1B, MT1DP, MT1E, MT1F, MT1G, MT1H, MT1IP, MT1JP, MT1L, MT1M, MT1X, MT2A, MT3, MT4, MTHFSD, MTRNR2L4, MTSS1L, MVD, MVP, MYH11, MYLK3, MYLPF, N4BP1, NAA60, NAE1, NAGPA, NARFL, NDE1, NDRG4, NDUFAB1, NDUFB10, NECAB2, NETO2, NFAT5, NFATC2IP, NFATC3, NHLRC4, NIP7, NKD1, NLRC3, NLRC5, NME3, NME4, NMRAL1, NOB1, NOD2, NOL3, NOMO1, NOMO2, NOMO3, NOXO1, NPIP, NPIPL3, NPRL3, NPW, NQO1, NRN1L, NSMCE1, NTAN1, NTHL1, NTN3, NUBP1, NUBP2, NUDT16L1, NUDT21, NUDT7, NUP93, NUPR1, NUTF2, OGFOD1, OR1F1, OR1F2P, OR2C1, ORAI3, ORC6, OSGIN1, OTOA, PABPN1L, PALB2, PAM16, PAPD5, PAQR4, PARD6A, PARN, PDF, PDIA2, PDILT, PDP2, PDPK1, PDPR, PDXDC1, PDXDC2P, PDZD9, PGP, PHKB, PHKG2, PHLPP2, PIEZO1, PIGQ, PKD1, PKD1L2, PKD1L3, PKD1P1, PKMYT1, PLA2G10, PLA2G15, PLCG2, PLEKHG4, PLK1, PLLP, PMFBP1, PMM2, POLR2C, POLR3E, POLR3K, PPL, PPP4C, PRDM7, PRKCB, PRM1, PRM2, PRM3, PRMT7, PRR14, PRR25, PRRT2, PRSS21, PRSS22, PRSS27, PRSS30P, PRSS33, PRSS36, PRSS41, PRSS53, PRSS54, PRSS8, PSKH1, PSMB10, PSMD7, PTX4, PYCARD, PYDC1, QPRT, RAB11FIP3, RAB26, RAB40C, RABEP2, RANBP10, RBBP6, RBFOX1, RBL2, RFWD3, RGS11, RHBDF1, RHBDL1, RHOT2, RLTPR, RMI2, RNF151, RNF166, RNF40, RNPS1, ROGDI, RPGRIP1L, RPL13, RPL3L, RPS15A, RPS2, RPUSD1, RRAD, RRN3, RRN3P1, RRN3P2, RRN3P3, RSL1D1, RSPRY1, SALL1, SBK1, SCNN1B, SCNN1G, SDR42E1, SEC14L5, SEPHS2, SEPT1, SEPT12, SEPX1, SETD1A, SETD6, SEZ6L2, SF3B3, SH2B1, SHCBP1, SHISA9, SIAH1, SLC12A3, SLC12A4, SLC22A31, SLC38A7, SLC38A8, SLC5A11, SLC5A2, SLC6A10P, SLC6A2, SLC7A5, SLC7A5P1, SLC7A5P2, SLC7A6, SLC7A6OS, SLC9A3R2, SLC9A5, SLX1A, SLX1A-SULT1A3, SLX1B, SLX1B-SULT1A4, SLX4, SMG1, SMPD3, SNAI3, SNHG9, SNN, SNORA10, SNORA30, SNORA46, SNORA50, SNORA64, SNORA70D, SNORA78, SNORD111, SNORD111B, SNORD60, SNORD68, SNORD71, SNRNP25, SNTB2, SNX20, SNX29, SNX29P1, SNX29P2, SOCS1, SOLH, SOX8, SPATA2L, SPG7, SPIRE2, SPN, SPNS1, SPSB3, SRCAP, SRL, SRRM2, SSTR5, ST3GAL2, STUB1, STX1B, STX4, SULT1A1, SULT1A2, SULT1A3, SULT1A4, SYCE1L, SYNGR3, SYT17, TAF1C, TAOK2, TAT, TBC1D10B, TBC1D24, TBL3, TBX6, TCEB2, TCF25, TEKT5, TELO2, TEPP, TERF2, TERF2IP, TFAP4, TGFB1I1, THAP11, THOC6, THUMPD1, TIGD7, TK2, TMC5, TMC7, TMCO7, TMED6, TMEM114, TMEM159, TMEM170A, TMEM186, TMEM204, TMEM208, TMEM219, TMEM231, TMEM8A, TNFRSF12A, TNFRSF17, TNP2, TNRC6A, TOX3, TP53TG3, TP53TG3B, TP53TG3C, TPPP3, TPSAB1, TPSB2, TPSD1, TPSG1, TRADD, TRAF7, TRAP1, TRAPPC2L, TRIM72, TSC2, TSNAXIP1, TUBB3, TUFM, TXNDC11, TXNL4B, UBE2I, UBE2MP1, UBFD1, UBN1, UMOD, UNKL, UQCRC2, USP10, USP31, USP7, VAC14, VASN, VAT1L, VKORC1, VPS35, VPS4A, VWA3A, WDR24, WDR59, WDR90, WFDC1, WFIKKN1, WWOX, WWP2, XPO6, XYLT1, YPEL3, ZC3H18, ZC3H7A, ZCCHC14, ZDHHC1, ZDHHC7, ZFHX3, ZFP1, ZFP90, ZFPM1, ZG16, ZG16B, ZKSCAN2, ZNF174, ZNF19, ZNF200, ZNF205, ZNF213, ZNF23, ZNF263, ZNF267, ZNF276, ZNF319, ZNF423, ZNF434, ZNF469, ZNF48, ZNF500, ZNF597, ZNF598, ZNF629, ZNF646, ZNF668, ZNF688, ZNF689, ZNF720, ZNF747, ZNF75A, ZNF764, ZNF768, ZNF771, ZNF778, ZNF785, ZNF821, ZNF843, ZNRF1, ZP2, ZSCAN10, hsa-mir-1225, hsa-mir-138-2, hsa-mir-140, hsa-mir-1538, hsa-mir-1826, hsa-mir-1910, hsa-mir-1972-1, hsa-mir-1972-2, hsa-mir-3176, hsa-mir-3177, hsa-mir-3178, hsa-mir-3179-3, hsa-mir-3180-1, hsa-mir-3180-2, hsa-mir-3181, hsa-mir-3182, hsa-mir-328, hsa-mir-365-1, hsa-mir-484, hsa-mir-548h-2, hsa-mir-548w, hsa-mir-662, hsa-mir-762, hsa-mir-940","Ewing's Sarcoma","Primary"
"10q11.21","Del","chr10:38736349-42830721",0.077009,3,17,1,"ACTR3BP5","Ewing's Sarcoma","Primary"
"17q25.3","Del","chr17:79907031-81195210",0.077033,5,17,31,"ASPSCR1, B3GNTL1, C17orf101, C17orf62, CCDC57, CD7, CSNK1D, DCXR, DUS1L, FASN, FLJ43681, FN3K, FN3KRP, FOXK2, GPS1, HEXDC, LRRC45, METRNL, NARF, NOTUM, RAB40B, RAC3, RFNG, SECTM1, SLC16A3, STRA13, TBCD, TEX19, UTS2R, WDR45L, ZNF750","Ewing's Sarcoma","Primary"
"12q24.31","Amp","chr12:110019307-133851895",0.085625,7,17,236,"AACS, ABCB9, ACAD10, ACADS, ADAM1, ALDH2, ANAPC5, ANAPC7, ANKLE2, ANKRD13A, ARL6IP4, ARPC3, ATP2A2, ATP6V0A2, ATXN2, B3GNT4, BCL7A, BRAP, BRI3BP, C12orf34, C12orf43, C12orf47, C12orf49, C12orf51, C12orf52, C12orf65, C12orf76, CABP1, CAMKK2, CCDC42B, CCDC60, CCDC62, CCDC63, CCDC64, CCDC92, CDK2AP1, CHFR, CIT, CLIP1, COQ5, COX6A1, CUX2, DDX51, DDX54, DDX55, DENR, DHX37, DIABLO, DNAH10, DTX1, DYNLL1, EIF2B1, EP400, EP400NL, ERP29, FAM101A, FAM109A, FAM216A, FBRSL1, FBXO21, FBXW8, FLJ31485, FLJ37505, FZD10, GALNT9, GATC, GCN1L1, GIT2, GLT1D1, GLTP, GOLGA3, GPN3, GPR133, GTF2H3, HCAR1, HCAR2, HCAR3, HIP1R, HNF1A, HNF1A-AS1, HPD, HRK, HSPB8, HVCN1, IFT81, IL31, IQCD, KDM2B, KNTC1, KSR2, LHX5, LINC00173, LOC100128554, LOC100130238, LOC100131138, LOC100190940, LOC100506649, LOC100506668, LOC100507055, LOC100507066, LOC100507091, LOC100507206, LOC116437, LOC144742, LOC255480, LOC338799, LOC387895, LOC400084, LOC440117, LOC647589, LRRC43, MAP1LC3B2, MAPKAPK5, MED13L, MGC14436, MIR1178, MIR3612, MIR3908, MIR4304, MIR4472-2, MIR4497, MIR4498, MIR4700, MIR620, MLEC, MLXIP, MMP17, MORN3, MPHOSPH9, MSI1, MVK, MYL2, NAA25, NCOR2, NOC4L, NOS1, OAS1, OAS2, OAS3, OASL, OGFOD2, ORAI1, P2RX2, P2RX4, P2RX7, PEBP1, PGAM5, PITPNM2, PIWIL1, PLA2G1B, PLBD2, POLE, POP5, PPP1CC, PPTC7, PRKAB1, PSMD9, PTPN11, PUS1, PXMP2, PXN, RAB35, RAD9B, RAN, RASAL1, RBM19, RFC5, RHOF, RILPL1, RILPL2, RIMBP2, RNF10, RNF34, RNFT2, RPH3A, RPL6, RPLP0, RSRC2, SBNO1, SCARB1, SDS, SDSL, SETD1B, SETD8, SFSWAP, SH2B3, SIRT4, SLC15A4, SLC24A6, SNORA49, SNRNP35, SPPL3, SRRM4, SRSF9, STX2, SUDS3, TAOK3, TBX3, TBX5, TCHP, TCTN1, TCTN2, TESC, TMED2, TMEM116, TMEM120B, TMEM132B, TMEM132C, TMEM132D, TMEM233, TPCN1, TRAFD1, TRIAP1, TRPV4, UBC, ULK1, UNC119B, VPS29, VPS33A, VPS37B, VSIG10, WDR66, WSB2, ZCCHC8, ZNF10, ZNF140, ZNF26, ZNF268, ZNF605, ZNF664, ZNF664-FAM101A, ZNF84, hsa-mir-1178, hsa-mir-1302-1, hsa-mir-4304, hsa-mir-620","Ewing's Sarcoma","Primary"
